xmin,ymin,xmax,ymax,confidence,class,timestamp,classifier
0,213.1433716,93.18643188,404.6816406,643.894043,0.897538662,0,1,pruned_quant-aggressive_98
1,374.2714233,243.601181,454.1021118,530.4315796,0.7159537673,0,1,pruned_quant-aggressive_98
2,214.2550049,94.02371216,396.973877,644.4493408,0.9075680971,0,2,pruned_quant-aggressive_98
3,376.0671997,245.2669525,454.6643066,532.3115234,0.718352735,0,2,pruned_quant-aggressive_98
4,214.9375916,92.36071777,399.0776672,643.8994751,0.9010861516,0,3,pruned_quant-aggressive_98
5,378.088562,244.5165558,455.9905396,531.890625,0.7470380664,0,3,pruned_quant-aggressive_98
6,215.5038147,91.10385132,401.4364319,643.7873535,0.9041706324,0,4,pruned_quant-aggressive_98
7,379.2259521,242.4337158,456.8190918,528.1929932,0.677844286,0,4,pruned_quant-aggressive_98
8,215.4212036,89.19259644,394.6315308,641.0383301,0.9087773561,0,5,pruned_quant-aggressive_98
9,377.6647644,238.5613708,457.5301208,521.8475342,0.6819838285,0,5,pruned_quant-aggressive_98
10,299.8840942,336.2970886,405.5297852,518.1174927,0.6138413548,16,5,pruned_quant-aggressive_98
11,215.2799072,88.83935547,396.1950684,641.3615112,0.9085872769,0,6,pruned_quant-aggressive_98
12,377.3404541,236.9506226,457.3363037,521.0623779,0.7252178192,0,6,pruned_quant-aggressive_98
13,216.0422211,89.2026062,391.2967529,640.1774902,0.9098021388,0,7,pruned_quant-aggressive_98
14,301.8137512,328.7989197,410.063385,517.3707275,0.8740445375,16,7,pruned_quant-aggressive_98
15,378.6481323,236.561142,457.7680664,519.7890625,0.725759685,0,7,pruned_quant-aggressive_98
16,217.0832062,87.95553589,392.2805176,641.0117188,0.9062975645,0,8,pruned_quant-aggressive_98
17,303.1680603,329.0243225,413.9266663,516.9466553,0.880384326,16,8,pruned_quant-aggressive_98
18,379.06427,235.4212494,459.3074951,519.1757813,0.7569631934,0,8,pruned_quant-aggressive_98
19,218.0049896,88.52197266,392.1097412,640.8013916,0.9155883789,0,9,pruned_quant-aggressive_98
20,304.3416443,330.047821,414.6697083,514.9664307,0.8235058784,16,9,pruned_quant-aggressive_98
21,378.6424561,235.5204773,460.2819824,519.2070313,0.7671897411,0,9,pruned_quant-aggressive_98
22,218.1721497,90.78234863,393.4981995,641.2483521,0.9132454991,0,10,pruned_quant-aggressive_98
23,305.1073608,331.6952515,411.0515137,515.8182373,0.7367107868,16,10,pruned_quant-aggressive_98
24,378.0963135,237.4213867,460.7194824,521.1051025,0.7206014991,0,10,pruned_quant-aggressive_98
25,218.0591736,92.13320923,394.5857239,641.8636475,0.912658751,0,11,pruned_quant-aggressive_98
26,378.5184326,239.174469,460.3071289,524.7192383,0.7371016741,0,11,pruned_quant-aggressive_98
27,305.6474609,332.3403015,409.479126,514.0643311,0.691437006,16,11,pruned_quant-aggressive_98
28,218.0059509,92.77166748,396.2502136,642.6452026,0.9092826843,0,12,pruned_quant-aggressive_98
29,306.0033875,334.610199,410.2558289,512.4519043,0.7382900715,16,12,pruned_quant-aggressive_98
30,380.2521973,242.5307465,459.4919434,528.1321411,0.7107432485,0,12,pruned_quant-aggressive_98
31,218.0545807,93.37966919,394.6890869,642.458252,0.9142007828,0,13,pruned_quant-aggressive_98
32,306.7671509,339.5990295,410.4949341,515.4239502,0.7932301164,16,13,pruned_quant-aggressive_98
33,380.4186401,244.3498077,459.8748169,531.1152344,0.741922617,0,13,pruned_quant-aggressive_98
34,217.6051636,93.12692261,392.9456177,642.7021484,0.9154689312,0,14,pruned_quant-aggressive_98
35,383.3050842,248.5106201,461.2778625,533.4099121,0.7500175238,0,14,pruned_quant-aggressive_98
36,307.1916809,345.698822,409.9959412,521.8248291,0.7294226885,16,14,pruned_quant-aggressive_98
37,216.9042358,92.472229,392.9486694,642.8870239,0.9139905572,0,15,pruned_quant-aggressive_98
38,381.9154663,251.77034,460.3026733,535.5244751,0.7760045528,0,15,pruned_quant-aggressive_98
39,308.2481689,346.2997131,409.9614258,523.0927734,0.6724752784,16,15,pruned_quant-aggressive_98
40,216.1468048,93.36895752,393.8867798,643.7421265,0.914644599,0,16,pruned_quant-aggressive_98
41,380.0134583,250.9210968,459.9089661,537.2549438,0.7707804441,0,16,pruned_quant-aggressive_98
42,215.2126007,92.22509766,394.0894775,642.7640991,0.9074946046,0,17,pruned_quant-aggressive_98
43,380.5823669,251.7263947,459.2521667,535.7666016,0.7729322314,0,17,pruned_quant-aggressive_98
44,309.0678406,339.9172974,407.6358948,519.9268799,0.6478380561,16,17,pruned_quant-aggressive_98
45,214.2697449,94.8236084,394.1281433,642.7345581,0.9082431197,0,18,pruned_quant-aggressive_98
46,378.155304,250.5760498,458.5235291,535.4765625,0.8091530204,0,18,pruned_quant-aggressive_98
47,309.5075989,333.1997375,406.532196,529.8186035,0.5523856282,16,18,pruned_quant-aggressive_98
48,213.130188,94.89105225,386.2471924,640.9008179,0.9045965672,0,19,pruned_quant-aggressive_98
49,310.449707,330.6215515,404.9417114,534.1812134,0.80847013,16,19,pruned_quant-aggressive_98
50,377.3977661,250.5449829,457.3964233,535.0929565,0.7962533236,0,19,pruned_quant-aggressive_98
51,211.7185669,94.55532837,386.0709229,640.9215088,0.9077292085,0,20,pruned_quant-aggressive_98
52,375.7390137,251.7536316,455.4813232,535.9528809,0.7921665907,0,20,pruned_quant-aggressive_98
53,310.3111877,330.7671814,402.2131653,535.5143433,0.7879014015,16,20,pruned_quant-aggressive_98
54,211.1369629,96.18191528,384.8757324,641.3006592,0.9085621834,0,21,pruned_quant-aggressive_98
55,372.1479492,252.5377045,455.5354004,538.0734863,0.7890598774,0,21,pruned_quant-aggressive_98
56,310.4003296,335.1616516,398.1702881,538.026001,0.5820379257,16,21,pruned_quant-aggressive_98
57,209.9173889,97.9786377,381.4842834,641.1925659,0.905543685,0,22,pruned_quant-aggressive_98
58,373.1452637,255.6152191,454.7615356,541.392395,0.7971025109,0,22,pruned_quant-aggressive_98
59,310.461731,336.5807495,397.0930786,540.3591919,0.6780871153,16,22,pruned_quant-aggressive_98
60,209.2164612,108.028595,383.1452942,641.2022705,0.8992412686,0,23,pruned_quant-aggressive_98
61,372.0301514,260.6708374,454.8759766,545.9185181,0.7759191394,0,23,pruned_quant-aggressive_98
62,310.4310303,342.8701477,398.2229614,543.5267334,0.5282104015,16,23,pruned_quant-aggressive_98
63,209.4767761,109.8345337,381.3608093,640.7119751,0.9078547955,0,24,pruned_quant-aggressive_98
64,373.0801392,264.5115356,455.4245605,549.2376099,0.7343501449,0,24,pruned_quant-aggressive_98
65,311.1049805,347.1705322,399.3218384,542.9691162,0.5546992421,16,24,pruned_quant-aggressive_98
66,210.1500549,107.1717224,382.572113,639.6861572,0.9040653706,0,25,pruned_quant-aggressive_98
67,373.0903625,267.8638,456.5525818,551.2530518,0.7416350245,0,25,pruned_quant-aggressive_98
68,312.7452087,349.0605469,399.2513733,552.1193848,0.511374414,14,25,pruned_quant-aggressive_98
69,211.4694977,101.0258484,383.7184448,641.3054199,0.8868989348,0,26,pruned_quant-aggressive_98
70,313.652832,352.7354736,401.9547119,552.6816406,0.8250854015,16,26,pruned_quant-aggressive_98
71,375.2294006,270.0267334,457.6791687,551.9915771,0.723436594,0,26,pruned_quant-aggressive_98
72,211.9649048,96.07595825,387.1802368,641.4831543,0.8832198977,0,27,pruned_quant-aggressive_98
73,375.7217712,269.8608398,458.5175476,552.7702026,0.7210149765,0,27,pruned_quant-aggressive_98
74,318.5578613,356.2033081,402.7136841,551.9091797,0.5786958337,16,27,pruned_quant-aggressive_98
75,211.4358521,91.10083008,398.3365479,643.1663818,0.879126668,0,28,pruned_quant-aggressive_98
76,373.3287354,269.8372803,457.881958,552.854187,0.7141188383,0,28,pruned_quant-aggressive_98
77,209.9832001,98.47067261,393.9498901,642.241333,0.8921400309,0,29,pruned_quant-aggressive_98
78,372.017395,268.1173706,455.958313,551.5819702,0.7706385851,0,29,pruned_quant-aggressive_98
79,207.4816284,99.08218384,389.2825317,641.6536865,0.8931788206,0,30,pruned_quant-aggressive_98
80,371.4238892,266.8851929,453.6467896,550.666748,0.7787194252,0,30,pruned_quant-aggressive_98
81,205.3725586,95.6968689,381.1292114,641.7758789,0.8880178332,0,31,pruned_quant-aggressive_98
82,371.232605,264.228302,451.7405396,549.7384033,0.8034786582,0,31,pruned_quant-aggressive_98
83,308.6064758,354.9761963,399.1377869,550.1338501,0.5837699175,16,31,pruned_quant-aggressive_98
84,203.9554749,99.77758789,376.7319641,641.7537231,0.8939384818,0,32,pruned_quant-aggressive_98
85,368.6094666,262.73526,449.9109802,549.0318604,0.8109664917,0,32,pruned_quant-aggressive_98
86,306.7884521,348.3022156,400.4051514,548.918457,0.6729336381,16,32,pruned_quant-aggressive_98
87,202.816925,102.2833862,379.3078918,641.9621582,0.8880602717,0,33,pruned_quant-aggressive_98
88,366.8891602,263.6271362,449.2921753,549.6633911,0.8216400743,0,33,pruned_quant-aggressive_98
89,304.6465454,351.6727295,400.3641968,548.9345093,0.6358006597,16,33,pruned_quant-aggressive_98
90,202.0982056,100.9324951,381.3109741,642.6880493,0.8779140115,0,34,pruned_quant-aggressive_98
91,365.1395264,265.6710815,448.7285156,551.7758179,0.816547811,0,34,pruned_quant-aggressive_98
92,304.3898315,350.9368286,395.6995239,547.5791626,0.5363753438,16,34,pruned_quant-aggressive_98
93,201.9555511,102.1412354,373.6810913,641.7745361,0.8781202435,0,35,pruned_quant-aggressive_98
94,365.8562012,266.9268188,448.6821899,552.0113525,0.8041325808,0,35,pruned_quant-aggressive_98
95,303.1607971,350.2023621,396.6722107,546.3380127,0.4646555185,16,35,pruned_quant-aggressive_98
96,200.8722992,103.8995361,375.9869995,641.5435791,0.8851068616,0,36,pruned_quant-aggressive_98
97,365.088623,267.3639526,448.1640625,553.3425293,0.8321614265,0,36,pruned_quant-aggressive_98
98,302.3344421,351.2434692,394.6200867,546.0662231,0.5980000496,16,36,pruned_quant-aggressive_98
99,200.7966309,104.7218323,374.9659424,641.5568848,0.8800766468,0,37,pruned_quant-aggressive_98
100,365.5907288,267.7592163,448.2228699,553.8370361,0.8211523294,0,37,pruned_quant-aggressive_98
101,301.4515381,352.8202515,393.7826538,547.0731201,0.6404191256,16,37,pruned_quant-aggressive_98
102,200.5465698,103.7672424,381.7647095,641.8101807,0.8941248059,0,38,pruned_quant-aggressive_98
103,365.9960022,267.4999695,448.7240906,552.6677246,0.8061674833,0,38,pruned_quant-aggressive_98
104,301.8605347,352.5157776,394.6272583,545.137146,0.5965487361,16,38,pruned_quant-aggressive_98
105,202.4096069,101.4608459,381.8642578,641.7521973,0.9066377878,0,39,pruned_quant-aggressive_98
106,366.7709351,264.8011475,448.5722046,548.6995239,0.7763971686,0,39,pruned_quant-aggressive_98
107,302.1302185,351.1731262,395.4926453,543.4723511,0.5782583356,16,39,pruned_quant-aggressive_98
108,203.3206787,95.15875244,384.5500488,641.737915,0.9055199623,0,40,pruned_quant-aggressive_98
109,366.4243774,261.692749,448.9783325,546.3562012,0.7496011257,0,40,pruned_quant-aggressive_98
110,203.3551636,94.16217041,384.137207,641.4442139,0.9088231325,0,41,pruned_quant-aggressive_98
111,366.6178284,259.2589111,448.985199,545.2332764,0.7765315771,0,41,pruned_quant-aggressive_98
112,299.7418823,351.3001099,395.8773193,543.942627,0.5946970582,16,41,pruned_quant-aggressive_98
113,203.938324,93.19668579,382.7810974,641.2651367,0.9093792439,0,42,pruned_quant-aggressive_98
114,365.7517395,257.7116699,449.037262,543.5129395,0.7626225948,0,42,pruned_quant-aggressive_98
115,299.3507996,359.7279053,395.9029846,541.1849365,0.4901005328,16,42,pruned_quant-aggressive_98
116,205.5493927,91.96902466,385.0375366,639.8930664,0.9134774804,0,43,pruned_quant-aggressive_98
117,365.5668335,256.1118774,447.7608643,541.8406982,0.760010004,0,43,pruned_quant-aggressive_98
118,207.5620422,88.47320557,388.9878235,640.5478516,0.905295074,0,44,pruned_quant-aggressive_98
119,364.0458069,254.1590118,447.8315735,540.9311523,0.7537637353,0,44,pruned_quant-aggressive_98
120,207.6785889,89.31524658,392.7051392,641.418396,0.8967756629,0,45,pruned_quant-aggressive_98
121,363.43927,256.8733215,445.7703857,543.4060059,0.7553189397,0,45,pruned_quant-aggressive_98
122,207.9520264,96.06170654,391.52771,641.3398438,0.9002559185,0,46,pruned_quant-aggressive_98
123,362.9228516,259.1477966,443.7004395,546.4311523,0.7443756461,0,46,pruned_quant-aggressive_98
124,210.0666351,96.28619385,386.2415161,639.4247437,0.9061768651,0,47,pruned_quant-aggressive_98
125,362.5021362,261.8011475,443.8203735,547.8019409,0.7557666302,0,47,pruned_quant-aggressive_98
126,299.8918457,357.2277832,351.9928589,512.6194458,0.469257772,14,47,pruned_quant-aggressive_98
127,213.2102051,96.11123657,388.8129883,641.3640137,0.9166644216,0,48,pruned_quant-aggressive_98
128,363.9272156,262.0245361,442.8983459,548.1565552,0.7663725019,0,48,pruned_quant-aggressive_98
129,216.5529785,97.66552734,384.5236206,642.6887207,0.9152365327,0,49,pruned_quant-aggressive_98
130,365.506073,262.6790771,442.7316589,547.8359985,0.7451565266,0,49,pruned_quant-aggressive_98
131,217.988205,93.01879883,383.7924805,642.0375366,0.9183208346,0,50,pruned_quant-aggressive_98
132,366.6145325,260.4746399,443.3456726,546.8101807,0.7081813216,0,50,pruned_quant-aggressive_98
133,218.6539612,88.66043091,384.0896912,641.7646484,0.9128146172,0,51,pruned_quant-aggressive_98
134,362.9715576,256.6199341,445.2128296,545.3198853,0.6875550747,0,51,pruned_quant-aggressive_98
135,219.9021606,84.81561279,390.6577759,639.5997925,0.9036014676,0,52,pruned_quant-aggressive_98
136,369.6126404,253.1041565,446.3164368,541.7156982,0.7731871009,0,52,pruned_quant-aggressive_98
137,222.1355896,84.84057617,383.6546326,640.9334717,0.9006916881,0,53,pruned_quant-aggressive_98
138,365.2127075,250.6182251,448.626709,539.4448853,0.7357700467,0,53,pruned_quant-aggressive_98
139,224.8174896,78.81396484,385.1848755,640.7567749,0.8914730549,0,54,pruned_quant-aggressive_98
140,340.8954468,248.5881042,450.4422607,538.8529053,0.6750018001,0,54,pruned_quant-aggressive_98
141,225.6877594,80.78942871,389.6932373,640.8795776,0.8848853707,0,55,pruned_quant-aggressive_98
142,372.989563,249.8102264,451.9609985,537.2056274,0.762886703,0,55,pruned_quant-aggressive_98
143,227.9523315,83.54800415,374.8357544,640.4320068,0.8887584209,0,56,pruned_quant-aggressive_98
144,382.482666,250.0159149,452.682251,536.1329346,0.7370522022,0,56,pruned_quant-aggressive_98
145,228.6317139,84.82165527,385.416748,641.112854,0.8640813231,0,57,pruned_quant-aggressive_98
146,378.9682922,250.1535797,453.3611755,536.7848511,0.7437518835,0,57,pruned_quant-aggressive_98
147,228.8244171,84.5843811,389.2911987,642.6917725,0.8797079921,0,58,pruned_quant-aggressive_98
148,374.3713379,250.1486511,453.4466553,538.5343018,0.7418920994,0,58,pruned_quant-aggressive_98
149,228.6663208,87.90457153,381.5012817,640.6459961,0.8860833645,0,59,pruned_quant-aggressive_98
150,368.3901062,253.248764,452.3609924,541.6401978,0.6641564369,0,59,pruned_quant-aggressive_98
151,227.1057739,88.41729736,379.8403931,642.1054688,0.8866627812,0,60,pruned_quant-aggressive_98
152,363.1419678,257.566803,452.0359497,544.0146484,0.7092347741,0,60,pruned_quant-aggressive_98
153,225.6324158,89.42199707,379.8212585,641.2108154,0.8605875969,0,61,pruned_quant-aggressive_98
154,364.9267273,257.2861328,451.4118958,543.5158691,0.6320751905,0,61,pruned_quant-aggressive_98
155,225.4304199,88.63674927,377.2987671,639.7871094,0.8475163579,0,62,pruned_quant-aggressive_98
156,6.691387177,249.7997742,112.4955597,568.6512451,0.6331772208,0,62,pruned_quant-aggressive_98
157,328.7196045,264.2990112,418.9926147,449.7868652,0.4536168575,17,62,pruned_quant-aggressive_98
158,224.4311218,89.1607666,392.6195984,637.7884521,0.7069227695,0,63,pruned_quant-aggressive_98
159,5.392860413,250.1249695,111.2242432,568.2962646,0.5508582592,0,63,pruned_quant-aggressive_98
160,322.9182739,258.6994019,426.1123657,446.8684082,0.6432093382,17,64,pruned_quant-aggressive_98
161,223.4064331,86.33694458,384.2496338,632.1308594,0.6424514055,0,64,pruned_quant-aggressive_98
162,222.7492828,90.75726318,385.6914673,639.8766479,0.7817159891,0,65,pruned_quant-aggressive_98
163,317.9554443,257.6130371,425.8850708,444.2254028,0.7193140388,17,65,pruned_quant-aggressive_98
164,220.4987793,98.40591431,392.2633667,641.3955078,0.7192524076,0,66,pruned_quant-aggressive_98
165,321.6811523,257.7244873,426.4885254,440.6757202,0.5477998853,17,66,pruned_quant-aggressive_98
166,217.0849304,101.9117432,405.1228943,634.6658936,0.482953161,0,67,pruned_quant-aggressive_98
167,216.3211975,104.3508148,357.0860901,447.7265625,0.5666062832,0,68,pruned_quant-aggressive_98
168,321.6482239,265.0321655,418.0640564,446.5176392,0.521738112,16,68,pruned_quant-aggressive_98
169,312.7247925,266.7750244,427.6395264,449.6060181,0.6295127273,16,69,pruned_quant-aggressive_98
170,210.7243805,106.6115875,352.8901367,449.9265137,0.4797162414,0,69,pruned_quant-aggressive_98
171,207.0113068,107.3000946,356.3030396,451.0767212,0.6893337965,0,70,pruned_quant-aggressive_98
172,315.207489,271.9258423,422.4104309,449.229126,0.583599031,16,70,pruned_quant-aggressive_98
173,203.8976135,108.4282684,369.0301819,450.5819092,0.731328249,0,71,pruned_quant-aggressive_98
174,317.6775208,283.7628784,413.6962585,447.9575195,0.6860497594,17,71,pruned_quant-aggressive_98
175,202.6222839,110.2019196,354.0406189,451.0698853,0.7078574896,0,72,pruned_quant-aggressive_98
176,319.1044922,292.8598022,413.0218506,448.4125977,0.4629622698,16,72,pruned_quant-aggressive_98
177,317.6119995,290.8981934,412.6359253,449.2606201,0.4587725997,17,72,pruned_quant-aggressive_98
178,319.2504578,293.1922607,412.4155579,449.293335,0.7019780278,17,73,pruned_quant-aggressive_98
179,201.241745,112.1607208,351.9429932,449.6060181,0.5937728286,0,73,pruned_quant-aggressive_98
180,373.9177856,266.6887207,449.3370361,446.9345703,0.567487359,0,73,pruned_quant-aggressive_98
181,320.4831238,295.102417,411.5328674,448.9734497,0.6802540421,17,74,pruned_quant-aggressive_98
182,201.1797485,111.6939697,353.1222534,449.4719849,0.6717709899,0,74,pruned_quant-aggressive_98
183,372.7715454,265.4746704,448.6057739,448.7280884,0.5277563334,0,74,pruned_quant-aggressive_98
184,201.4007874,111.5088806,352.6122131,449.940094,0.7169156075,0,75,pruned_quant-aggressive_98
185,322.3747559,295.0910645,410.795105,449.0222778,0.5950722098,17,75,pruned_quant-aggressive_98
186,380.2808838,265.055481,447.479126,448.4273682,0.5075681806,0,75,pruned_quant-aggressive_98
187,201.4025574,111.9727478,354.7991638,450.0453796,0.6890078187,0,76,pruned_quant-aggressive_98
188,367.9516296,266.9159241,446.8067932,446.7124939,0.5825968385,0,76,pruned_quant-aggressive_98
189,324.275116,297.428009,408.8315735,447.9508362,0.5173893571,17,76,pruned_quant-aggressive_98
190,379.0426025,266.7853088,446.7886353,448.3649597,0.6279830933,0,77,pruned_quant-aggressive_98
191,324.3022461,297.7176819,410.1658325,448.2032166,0.6235861182,17,77,pruned_quant-aggressive_98
192,201.523407,111.4208374,352.9636536,448.9139404,0.5836891532,0,77,pruned_quant-aggressive_98
193,378.1755371,266.2602844,446.829895,449.0982971,0.6036996841,0,78,pruned_quant-aggressive_98
194,202.215744,100.7471313,384.1907349,638.1185303,0.5746394992,0,78,pruned_quant-aggressive_98
195,201.9191589,110.1173096,351.424408,449.1516724,0.5745652318,0,79,pruned_quant-aggressive_98
196,378.1156311,264.1924133,446.7356873,446.1031189,0.5088216662,0,79,pruned_quant-aggressive_98
197,205.1798553,108.2523804,349.8938599,449.6662598,0.6393842101,0,80,pruned_quant-aggressive_98
198,377.0194702,261.0778198,448.1340332,450.8677979,0.5308290124,0,80,pruned_quant-aggressive_98
199,320.3606567,291.5627441,410.7806396,449.2962646,0.5046458244,17,80,pruned_quant-aggressive_98
200,207.9062805,107.5404053,353.6146545,449.921936,0.7093500495,0,81,pruned_quant-aggressive_98
201,379.3876038,260.0017395,450.1277771,450.4558411,0.6168686748,0,81,pruned_quant-aggressive_98
202,211.1602173,105.8806458,353.6729736,449.3534241,0.7208152413,0,82,pruned_quant-aggressive_98
203,382.6373291,260.7831726,451.1714478,449.2923279,0.6794331074,0,82,pruned_quant-aggressive_98
204,321.4685669,285.552002,401.5028687,450.8464966,0.5213410854,17,82,pruned_quant-aggressive_98
205,382.4758301,260.6349487,453.2503052,448.8117065,0.7125173211,0,83,pruned_quant-aggressive_98
206,212.7149811,104.7930603,354.5650635,449.4341125,0.7012314796,0,83,pruned_quant-aggressive_98
207,213.9112854,99.61351013,368.6166687,449.3866577,0.7211364508,0,84,pruned_quant-aggressive_98
208,379.2460022,259.9627075,454.6559753,448.7136841,0.6433150768,0,84,pruned_quant-aggressive_98
209,214.859436,100.3158417,413.6806641,450.1446533,0.7151911855,0,85,pruned_quant-aggressive_98
210,388.8145142,259.5992432,456.3499756,448.6581421,0.6941522956,0,85,pruned_quant-aggressive_98
211,390.3546143,259.4525757,458.8462524,446.1828613,0.7387535572,0,86,pruned_quant-aggressive_98
212,217.7022095,97.89227295,407.8210449,450.2189941,0.6816722155,0,86,pruned_quant-aggressive_98
213,218.4226685,97.85255432,367.0241699,450.3256226,0.6750544906,0,87,pruned_quant-aggressive_98
214,389.7374878,258.4716492,459.7648926,445.9443665,0.6123609543,0,87,pruned_quant-aggressive_98
215,218.5193481,100.1239471,391.3083496,449.6802979,0.6409933567,0,88,pruned_quant-aggressive_98
216,390.583374,259.6369629,459.8765869,448.303833,0.6100310683,0,88,pruned_quant-aggressive_98
217,392.0535278,262.8833008,459.9658203,445.227417,0.5880591273,0,89,pruned_quant-aggressive_98
218,217.9617615,101.3943176,349.2171936,448.2398376,0.5821431279,0,89,pruned_quant-aggressive_98
219,334.8678589,232.5455017,408.8919067,448.9983826,0.5661560893,17,89,pruned_quant-aggressive_98
220,333.7078857,236.7973938,405.7739868,449.6756897,0.7562289834,17,90,pruned_quant-aggressive_98
221,392.7302246,262.857666,459.5082397,447.9592896,0.6926526427,0,90,pruned_quant-aggressive_98
222,216.2289734,106.2765198,348.3228455,447.9913635,0.5915205479,0,90,pruned_quant-aggressive_98
223,332.4902954,239.0267029,406.447876,448.4133606,0.7662088871,17,91,pruned_quant-aggressive_98
224,392.4656067,264.4995728,459.4995422,447.6949463,0.7557285428,0,91,pruned_quant-aggressive_98
225,215.0705566,106.478653,350.5537109,448.0201416,0.6587716937,0,91,pruned_quant-aggressive_98
226,392.0830994,264.3121643,458.5649719,448.1199646,0.7048640251,0,92,pruned_quant-aggressive_98
227,212.7565308,103.5416107,354.0119019,448.1477661,0.6800785661,0,92,pruned_quant-aggressive_98
228,332.0772705,240.7867737,405.4899292,447.948761,0.671264112,17,92,pruned_quant-aggressive_98
229,391.7234497,262.7697449,458.3761597,448.606781,0.7337704301,0,93,pruned_quant-aggressive_98
230,210.6326599,103.7011719,362.3070374,449.0097656,0.6950787306,0,93,pruned_quant-aggressive_98
231,331.7377625,239.2152405,405.6014709,448.4186096,0.597994566,17,93,pruned_quant-aggressive_98
232,393.6608582,262.3334961,458.6320496,448.6582642,0.6995392442,0,94,pruned_quant-aggressive_98
233,331.7540283,237.2702789,407.7379761,448.8586426,0.6104303002,17,94,pruned_quant-aggressive_98
234,208.7836151,104.1994324,370.6703491,448.5818176,0.5855004191,0,94,pruned_quant-aggressive_98
235,394.5346375,261.7775879,459.2445374,448.3244629,0.7506159544,0,95,pruned_quant-aggressive_98
236,331.5897522,233.421875,411.030304,449.9206543,0.7497143149,17,95,pruned_quant-aggressive_98
237,206.231842,96.99990845,374.3348694,636.9025879,0.5615982413,0,95,pruned_quant-aggressive_98
238,6.826244354,247.8045044,106.1906433,567.9190674,0.489126116,0,95,pruned_quant-aggressive_98
239,332.1882019,229.4704285,421.4709778,450.8347473,0.7091803551,17,96,pruned_quant-aggressive_98
240,394.2971497,261.2973633,459.1372986,448.3151855,0.6998003721,0,96,pruned_quant-aggressive_98
241,206.1627808,94.59765625,370.9205933,637.3845215,0.6198953986,0,96,pruned_quant-aggressive_98
242,394.3725586,260.8345337,460.296936,448.4713135,0.6533305645,0,97,pruned_quant-aggressive_98
243,206.4724426,95.99627686,387.4080505,636.5628052,0.5289167166,0,97,pruned_quant-aggressive_98
244,394.671051,262.8628845,460.8194275,448.3283386,0.6249794364,0,98,pruned_quant-aggressive_98
245,212.2420349,102.9294281,409.6150208,448.0565186,0.5980886817,0,98,pruned_quant-aggressive_98
246,215.7202606,105.6578674,412.6313477,448.8412781,0.5867832303,0,99,pruned_quant-aggressive_98
247,394.6288452,265.7750244,461.1677246,447.7051392,0.451120019,0,99,pruned_quant-aggressive_98
248,394.6069946,271.7657471,461.9197388,447.0294189,0.466051966,0,100,pruned_quant-aggressive_98
249,218.7072601,111.8189392,376.4509888,447.4128723,0.4562119842,0,100,pruned_quant-aggressive_98
250,220.6052856,115.774231,360.4127808,449.4924927,0.6369977593,0,101,pruned_quant-aggressive_98
251,396.2226257,276.7496643,462.7743835,446.908783,0.4793936014,0,101,pruned_quant-aggressive_98
252,221.9547119,122.4385223,359.8233032,449.2625122,0.6334563494,0,102,pruned_quant-aggressive_98
253,223.1296997,127.390976,364.8752441,449.4019775,0.6234638691,0,103,pruned_quant-aggressive_98
254,223.4768219,126.4495239,389.7921143,632.7938843,0.6855072379,0,104,pruned_quant-aggressive_98
255,400.3423767,292.1392212,467.8009338,447.3574219,0.4533312023,0,104,pruned_quant-aggressive_98
256,224.6721497,127.6442261,401.4992371,631.0488281,0.7075251937,0,105,pruned_quant-aggressive_98
257,402.9222717,291.4555969,469.6375427,447.9145203,0.4956090152,0,105,pruned_quant-aggressive_98
258,224.8543091,124.752243,405.3001709,633.237793,0.6992318034,0,106,pruned_quant-aggressive_98
259,223.8675842,120.5076294,394.2993469,628.6795044,0.7865925431,0,107,pruned_quant-aggressive_98
260,405.9184875,282.8137207,471.7182922,447.6153564,0.6151713133,0,107,pruned_quant-aggressive_98
261,16.28605652,269.2107544,132.1745758,587.6242676,0.5213025808,0,107,pruned_quant-aggressive_98
262,222.8302002,116.7761993,394.5014038,626.7581177,0.7966878414,0,108,pruned_quant-aggressive_98
263,405.0672302,275.9586182,471.5343323,447.2498169,0.6183432341,0,108,pruned_quant-aggressive_98
264,14.8940239,265.3416138,133.2055206,582.6795654,0.584405303,0,108,pruned_quant-aggressive_98
265,222.0996399,110.6705322,389.2923889,629.006958,0.7679142356,0,109,pruned_quant-aggressive_98
266,404.7150879,270.7567444,470.7086182,447.842804,0.6050317883,0,109,pruned_quant-aggressive_98
267,15.41285706,260.6611938,133.4223785,580.3009644,0.5188049674,0,109,pruned_quant-aggressive_98
268,221.8967285,111.8484802,401.9726563,624.7539063,0.6028137803,0,110,pruned_quant-aggressive_98
269,404.6303101,270.6446228,470.3256836,447.0128479,0.4971192777,0,110,pruned_quant-aggressive_98
270,221.6516571,111.9684448,412.9865723,620.385498,0.5944576263,0,111,pruned_quant-aggressive_98
271,403.7730713,268.9805298,469.9992676,447.4547729,0.4820991158,0,111,pruned_quant-aggressive_98
272,14.34788513,262.8841248,134.877182,582.269165,0.5857307911,0,112,pruned_quant-aggressive_98
273,219.6629028,112.2978821,393.7175903,621.6549072,0.568887651,0,112,pruned_quant-aggressive_98
274,401.9689941,272.5032349,469.4678345,447.4355469,0.5495617986,0,112,pruned_quant-aggressive_98
275,219.4020996,113.7666321,390.8330078,630.6904297,0.6718993783,0,113,pruned_quant-aggressive_98
276,12.04274368,266.186676,134.142807,584.5632324,0.5434642434,0,113,pruned_quant-aggressive_98
277,394.7772827,275.9107056,469.0134277,447.3388672,0.5343239307,0,113,pruned_quant-aggressive_98
278,218.1893005,116.0155792,373.4014587,627.557312,0.6712629795,0,114,pruned_quant-aggressive_98
279,399.7350464,275.4066467,467.8049927,447.3587952,0.5913578868,0,114,pruned_quant-aggressive_98
280,400.5797729,274.7109985,467.532959,447.5615234,0.6881390214,0,115,pruned_quant-aggressive_98
281,218.3270264,115.3742065,373.6846924,628.9257202,0.6412131786,0,115,pruned_quant-aggressive_98
282,340.4491272,262.6911011,419.2107849,448.7242432,0.5384249687,17,115,pruned_quant-aggressive_98
283,217.9077911,116.3839722,387.8596802,633.6071777,0.7049746513,0,116,pruned_quant-aggressive_98
284,402.3898621,274.8426208,466.8702087,447.6437683,0.5679472089,0,116,pruned_quant-aggressive_98
285,402.8250122,274.4206543,466.4484253,447.8308105,0.6482266188,0,117,pruned_quant-aggressive_98
286,218.5475311,114.2167358,379.6514893,630.1862183,0.5884868503,0,117,pruned_quant-aggressive_98
287,402.3111267,273.6169128,464.8621521,447.5838318,0.6641014218,0,118,pruned_quant-aggressive_98
288,221.3207703,117.7155151,365.5193787,449.4941406,0.639716506,0,118,pruned_quant-aggressive_98
289,337.3267212,264.4585266,411.4341431,451.2309875,0.4763385057,17,118,pruned_quant-aggressive_98
290,218.351181,111.6652832,381.6116333,633.1384277,0.7144691944,0,119,pruned_quant-aggressive_98
291,402.4124146,270.2686462,465.0789185,447.4122009,0.709510088,0,119,pruned_quant-aggressive_98
292,337.0312805,264.2087097,412.096283,451.1169739,0.6232203841,17,119,pruned_quant-aggressive_98
293,401.5154724,265.8266907,464.1185608,447.6386414,0.7441635728,0,120,pruned_quant-aggressive_98
294,335.9690552,261.1916809,413.1982422,450.6783142,0.6750012636,17,120,pruned_quant-aggressive_98
295,217.7209167,109.2891235,375.7142639,633.9076538,0.6714165211,0,120,pruned_quant-aggressive_98
296,400.3756409,264.6253052,462.4205627,447.7091064,0.728908658,0,121,pruned_quant-aggressive_98
297,217.3771515,109.3204956,376.6807251,628.0507202,0.6811151505,0,121,pruned_quant-aggressive_98
298,335.3782959,258.2463989,415.3804932,448.6886597,0.6762132645,17,121,pruned_quant-aggressive_98
299,399.2235107,263.3914185,461.8461914,447.8723145,0.6999979615,0,122,pruned_quant-aggressive_98
300,333.9106445,248.1779022,415.9765625,448.6416626,0.6961529851,17,122,pruned_quant-aggressive_98
301,220.0988922,111.9071808,355.8233643,447.579895,0.6485459805,0,122,pruned_quant-aggressive_98
302,219.0541992,112.4070282,363.4745483,448.4367065,0.6555181742,0,123,pruned_quant-aggressive_98
303,396.4364319,263.0133667,460.3885193,448.0083618,0.5490197539,0,123,pruned_quant-aggressive_98
304,217.530426,108.7755127,395.2337341,448.6453247,0.6561816931,0,124,pruned_quant-aggressive_98
305,392.4738464,264.4771729,458.7324524,446.8487549,0.5542764664,0,124,pruned_quant-aggressive_98
306,213.238739,107.8742218,375.1134338,449.0570068,0.6812025905,0,125,pruned_quant-aggressive_98
307,386.907135,259.6267395,456.004364,449.0552673,0.5506781936,0,125,pruned_quant-aggressive_98
308,210.5643921,104.6113892,381.6696777,448.7758179,0.6831547022,0,126,pruned_quant-aggressive_98
309,382.5875244,260.0443726,453.647644,447.1517944,0.569134891,0,126,pruned_quant-aggressive_98
310,209.4320679,103.0852814,346.8978882,449.2276001,0.7498319149,0,127,pruned_quant-aggressive_98
311,382.9628906,254.8578186,451.5474854,451.1816711,0.5979255438,0,127,pruned_quant-aggressive_98
312,324.5364685,251.8045349,410.5176086,449.410553,0.5227046609,17,127,pruned_quant-aggressive_98
313,206.9857483,100.3307495,346.763092,449.531189,0.7606657743,0,128,pruned_quant-aggressive_98
314,323.5222473,250.6208191,401.2254944,450.1871643,0.6042560339,17,128,pruned_quant-aggressive_98
315,383.7000732,255.5385132,450.0037842,450.2764893,0.6007719636,0,128,pruned_quant-aggressive_98
316,204.8384399,95.96542358,345.0981445,449.5680847,0.7979720235,0,129,pruned_quant-aggressive_98
317,384.2160339,252.0325012,449.1517639,447.9995422,0.6796733737,0,129,pruned_quant-aggressive_98
318,321.2617188,249.9747925,398.6856689,449.4581299,0.615606904,17,129,pruned_quant-aggressive_98
319,320.859314,251.1765747,401.1102905,448.7684937,0.5087598562,16,129,pruned_quant-aggressive_98
320,203.9819031,91.23867798,346.0248108,450.1023254,0.7877164483,0,130,pruned_quant-aggressive_98
321,320.7893066,250.7049866,399.2872314,449.6561584,0.7265681028,16,130,pruned_quant-aggressive_98
322,385.1832581,247.9998779,449.125824,447.7061768,0.7030590177,0,130,pruned_quant-aggressive_98
323,203.8171082,89.06027222,346.1891785,450.9235535,0.816611886,0,131,pruned_quant-aggressive_98
324,385.9926453,244.3816071,449.9104919,447.4931641,0.7441558242,0,131,pruned_quant-aggressive_98
325,321.6087036,250.4125977,400.8294067,451.0805054,0.6006690264,16,131,pruned_quant-aggressive_98
326,321.5386353,247.8305969,401.0791626,449.8172302,0.4732655585,17,131,pruned_quant-aggressive_98
327,204.1983643,89.17192078,351.2609863,450.8360596,0.7714704871,0,132,pruned_quant-aggressive_98
328,386.8910522,245.2822266,450.241272,446.4902344,0.6760464907,0,132,pruned_quant-aggressive_98
329,321.9663086,251.3943176,410.6223145,448.5863342,0.6736420393,16,132,pruned_quant-aggressive_98
330,205.4674988,90.3637085,350.224762,450.9920044,0.7931578755,0,133,pruned_quant-aggressive_98
331,323.1668701,254.138855,407.9208984,448.4614258,0.7043821812,16,133,pruned_quant-aggressive_98
332,387.017334,244.3043823,451.5281372,447.2415771,0.702679038,0,133,pruned_quant-aggressive_98
333,208.9107513,91.48294067,356.5905762,450.1346741,0.7344795465,0,134,pruned_quant-aggressive_98
334,325.706604,256.2842102,405.5333862,449.5567932,0.6839327216,16,134,pruned_quant-aggressive_98
335,389.1150513,247.4682312,453.2436523,446.8097229,0.6696659327,0,134,pruned_quant-aggressive_98
336,211.6330719,93.33538818,359.2303467,449.7350464,0.7152140737,0,135,pruned_quant-aggressive_98
337,391.4787598,251.5100708,455.5934448,446.9943848,0.6740119457,0,135,pruned_quant-aggressive_98
338,328.1440125,263.0697021,406.2237244,449.4281006,0.5797159076,17,135,pruned_quant-aggressive_98
339,328.0524292,260.8287659,404.5216675,449.5753479,0.5533491373,16,135,pruned_quant-aggressive_98
340,214.6009827,96.28153992,371.7564392,449.2098999,0.7287311554,0,136,pruned_quant-aggressive_98
341,392.9087524,254.1165771,457.5961304,447.354126,0.6798481345,0,136,pruned_quant-aggressive_98
342,330.1647644,264.4991455,406.1017151,449.2006226,0.6239686012,17,136,pruned_quant-aggressive_98
343,216.038208,98.62451172,381.4194336,448.8179932,0.7346621156,0,137,pruned_quant-aggressive_98
344,330.6021729,268.8921814,407.3912964,449.4709167,0.6920686364,17,137,pruned_quant-aggressive_98
345,393.3068848,256.9907837,459.0612183,448.991333,0.5989021659,0,137,pruned_quant-aggressive_98
346,216.8686371,100.7902985,401.7333374,449.3075562,0.8043071628,0,138,pruned_quant-aggressive_98
347,393.427002,258.0146179,459.0550537,448.5396423,0.6093623638,0,138,pruned_quant-aggressive_98
348,331.2539063,273.15802,405.7589722,448.8355103,0.4592253864,17,138,pruned_quant-aggressive_98
349,216.9898682,99.73373413,392.9627075,449.5749207,0.7471833825,0,139,pruned_quant-aggressive_98
350,393.5601807,257.6309814,459.6712646,448.703125,0.588419497,0,139,pruned_quant-aggressive_98
351,331.7033081,273.8200989,405.7338867,449.5074768,0.4668275118,17,139,pruned_quant-aggressive_98
352,218.0089111,96.57841492,371.9022217,449.3795776,0.7331516147,0,140,pruned_quant-aggressive_98
353,394.0411682,253.3580627,460.2129822,447.3261414,0.6910233498,0,140,pruned_quant-aggressive_98
354,331.7923584,272.2445374,405.3347778,449.3877258,0.5356052518,16,140,pruned_quant-aggressive_98
355,331.6461182,272.2824707,406.7891235,451.0119629,0.5013943911,17,140,pruned_quant-aggressive_98
356,332.6800842,265.7250061,406.7041321,449.7162781,0.8098245859,16,141,pruned_quant-aggressive_98
357,218.4625244,90.23881531,362.3466797,450.7463989,0.7085098028,0,141,pruned_quant-aggressive_98
358,396.7384033,248.2918854,461.8522949,446.6447144,0.6283070445,0,141,pruned_quant-aggressive_98
359,218.9062958,87.00047302,364.1622925,451.8615723,0.7735319138,0,142,pruned_quant-aggressive_98
360,396.9863892,243.5744934,463.0016479,446.3608093,0.6496488452,0,142,pruned_quant-aggressive_98
361,334.1539001,257.9492188,407.5461731,449.1281128,0.5767605305,16,142,pruned_quant-aggressive_98
362,334.4686584,259.0328979,407.7646179,449.1694336,0.4698554575,17,142,pruned_quant-aggressive_98
363,219.1701355,84.16394043,367.296051,451.9213257,0.7919695377,0,143,pruned_quant-aggressive_98
364,396.9006653,241.1980896,465.0014343,447.5119934,0.6864256263,0,143,pruned_quant-aggressive_98
365,336.4002686,261.0361023,412.3015137,450.6584778,0.6285507083,16,143,pruned_quant-aggressive_98
366,220.3714905,80.57781982,372.4866028,451.1517334,0.7921338677,0,144,pruned_quant-aggressive_98
367,397.8221741,241.5246582,465.5642395,446.8387451,0.6435341239,0,144,pruned_quant-aggressive_98
368,337.7546997,267.4252319,415.0317383,449.8344116,0.6296349764,17,144,pruned_quant-aggressive_98
369,222.8271484,84.24169922,374.5332642,452.0374756,0.80071944,0,145,pruned_quant-aggressive_98
370,400.4797058,242.2392273,467.2763367,447.4399109,0.6891852021,0,145,pruned_quant-aggressive_98
371,339.3034058,268.7342834,421.1698608,449.6451111,0.6270731688,17,145,pruned_quant-aggressive_98
372,226.0969543,87.91778564,376.5496521,451.7158203,0.7944108844,0,146,pruned_quant-aggressive_98
373,401.7397461,244.7223816,470.7612915,447.2247009,0.6851945519,0,146,pruned_quant-aggressive_98
374,342.1934814,275.229126,416.7374268,448.9708252,0.5947700143,17,146,pruned_quant-aggressive_98
375,23.63687134,233.7091217,132.2386322,550.6539307,0.4742226005,0,146,pruned_quant-aggressive_98
376,227.8432312,91.95851135,379.8023987,450.770874,0.7893568277,0,147,pruned_quant-aggressive_98
377,341.9785767,282.3597412,417.899231,450.0652466,0.6813586354,17,147,pruned_quant-aggressive_98
378,402.8378601,248.4448242,472.6377869,445.9873047,0.6466142535,0,147,pruned_quant-aggressive_98
379,230.8194275,96.11367798,383.3652649,450.434967,0.8382824063,0,148,pruned_quant-aggressive_98
380,400.4030151,253.7527313,474.2738647,446.9919434,0.6672829986,0,148,pruned_quant-aggressive_98
381,344.0703125,292.953125,419.3706055,448.9830933,0.5694698095,17,148,pruned_quant-aggressive_98
382,231.9541016,98.529953,401.1619873,449.4199219,0.8241454959,0,149,pruned_quant-aggressive_98
383,336.4550781,314.9067993,432.0060425,449.0682983,0.6590518951,16,149,pruned_quant-aggressive_98
384,402.9620667,258.5563965,474.6770325,445.9525146,0.6155131459,0,149,pruned_quant-aggressive_98
385,22.34255981,246.6172791,133.5496826,566.2115479,0.4890989363,0,149,pruned_quant-aggressive_98
386,232.4598694,99.83152771,388.4740906,449.5787354,0.8395096064,0,150,pruned_quant-aggressive_98
387,407.5333557,260.2467041,474.4361267,446.8070068,0.6376541257,0,150,pruned_quant-aggressive_98
388,335.605011,321.9368896,418.407074,449.1416016,0.5396030545,16,150,pruned_quant-aggressive_98
389,23.1673851,246.4343109,133.3591919,566.8984375,0.5302683711,0,150,pruned_quant-aggressive_98
390,230.6929169,99.61329651,387.8468628,449.7213135,0.8599218726,0,151,pruned_quant-aggressive_98
391,333.1850586,319.0531921,416.8813477,449.365509,0.7942844033,16,151,pruned_quant-aggressive_98
392,401.7308044,256.4515991,474.5729675,445.111084,0.6317235827,0,151,pruned_quant-aggressive_98
393,228.7045288,94.38641357,411.758667,450.3639526,0.7706272006,0,152,pruned_quant-aggressive_98
394,394.4527283,252.5458069,474.8788757,446.5572205,0.595279336,0,152,pruned_quant-aggressive_98
395,226.6456909,88.63851929,416.2312012,450.7894592,0.7950646281,0,153,pruned_quant-aggressive_98
396,392.3587952,242.5770264,471.9428406,448.8067627,0.7056892514,0,153,pruned_quant-aggressive_98
397,388.7538147,237.5385437,471.0758362,448.3232727,0.663415134,0,154,pruned_quant-aggressive_98
398,225.4326477,81.20002747,395.92453,451.3399658,0.64470613,0,154,pruned_quant-aggressive_98
399,392.4052734,231.5316467,469.2921753,448.3315125,0.737273097,0,155,pruned_quant-aggressive_98
400,224.1850891,75.40797424,416.1607971,449.7312012,0.6991499066,0,155,pruned_quant-aggressive_98
401,384.8670654,227.5175323,468.7062988,448.3101196,0.7674797773,0,156,pruned_quant-aggressive_98
402,222.9240417,68.56228638,408.044281,448.8205872,0.7493149638,0,156,pruned_quant-aggressive_98
403,388.9234619,224.7950439,469.6794434,448.3601685,0.7578531504,0,157,pruned_quant-aggressive_98
404,223.7506561,66.61325073,403.8080444,449.3069763,0.70291394,0,157,pruned_quant-aggressive_98
405,225.0621185,65.30848694,384.6377563,450.475647,0.8193097711,0,158,pruned_quant-aggressive_98
406,393.1516724,224.1090698,471.0567017,448.4260864,0.7687926888,0,158,pruned_quant-aggressive_98
407,327.634491,277.7150269,420.528595,448.6967163,0.4870150089,16,158,pruned_quant-aggressive_98
408,226.929718,66.64300537,388.6372986,450.3225098,0.7964485288,0,159,pruned_quant-aggressive_98
409,388.284668,227.2200317,473.0435791,448.5111084,0.7668697238,0,159,pruned_quant-aggressive_98
410,329.0582581,282.3427734,420.6340637,448.0209961,0.5073529482,16,159,pruned_quant-aggressive_98
411,329.0574341,283.6080322,421.2778931,447.9512329,0.4664976895,17,159,pruned_quant-aggressive_98
412,228.7388306,70.59078979,387.3991699,449.5741272,0.8097675443,0,160,pruned_quant-aggressive_98
413,331.2550659,288.249939,421.614563,448.149231,0.7490059733,17,160,pruned_quant-aggressive_98
414,400.7214355,230.7262878,474.722168,449.2462463,0.7454881072,0,160,pruned_quant-aggressive_98
415,230.9162903,75.05145264,400.6161194,450.2702637,0.7782527208,0,161,pruned_quant-aggressive_98
416,406.572998,232.0344086,476.4087524,448.9397583,0.7324361801,0,161,pruned_quant-aggressive_98
417,333.3392334,283.6862488,423.8131714,448.3661804,0.6404021382,17,161,pruned_quant-aggressive_98
418,231.7480011,74.98208618,415.8320923,448.6274109,0.7871668935,0,162,pruned_quant-aggressive_98
419,409.1455383,232.1739197,477.207428,448.3310852,0.7479483485,0,162,pruned_quant-aggressive_98
420,409.1697388,232.2202301,476.4682007,448.3608398,0.7577494383,0,163,pruned_quant-aggressive_98
421,230.2846375,73.01625061,410.7920227,450.8651733,0.7532846928,0,163,pruned_quant-aggressive_98
422,332.1467896,282.2246094,422.4042969,449.4787598,0.6622825861,17,163,pruned_quant-aggressive_98
423,398.8812866,228.3994293,475.6459351,449.2617188,0.777634263,0,164,pruned_quant-aggressive_98
424,228.2215424,70.89930725,396.5738525,450.8548584,0.7634289265,0,164,pruned_quant-aggressive_98
425,329.4406128,280.6754761,420.3103027,448.1957397,0.5856044292,17,164,pruned_quant-aggressive_98
426,395.8457642,227.260025,472.9934082,448.5939941,0.7834908962,0,165,pruned_quant-aggressive_98
427,226.1005859,68.94184875,395.9640503,450.7572021,0.7695343494,0,165,pruned_quant-aggressive_98
428,325.3525391,280.0525208,417.1424561,448.1144104,0.5478549004,17,165,pruned_quant-aggressive_98
429,223.73172,69.99986267,381.95578,450.6370239,0.8296543956,0,166,pruned_quant-aggressive_98
430,397.7813416,227.1286469,470.4290466,448.0125122,0.7746215463,0,166,pruned_quant-aggressive_98
431,322.5274048,281.315094,413.6490479,447.8827209,0.7139679193,17,166,pruned_quant-aggressive_98
432,220.5634766,69.88851929,381.2003174,450.941864,0.8176262975,0,167,pruned_quant-aggressive_98
433,388.1528625,226.9178314,468.5646667,448.7005615,0.7822549939,0,167,pruned_quant-aggressive_98
434,320.1125793,280.8352661,411.0531311,447.4342041,0.6759085059,16,167,pruned_quant-aggressive_98
435,320.3987732,281.6147156,411.5637512,448.0033264,0.6182099581,17,167,pruned_quant-aggressive_98
436,219.8600159,72.34724426,378.120697,450.7388916,0.8448681235,0,168,pruned_quant-aggressive_98
437,318.7695618,280.9591064,409.0018616,447.388916,0.7827544212,16,168,pruned_quant-aggressive_98
438,387.4983521,226.5131378,466.336792,448.7303467,0.7758747339,0,168,pruned_quant-aggressive_98
439,318.9103394,282.0881348,409.2172852,447.9056396,0.4701324701,17,168,pruned_quant-aggressive_98
440,218.0336151,73.15008545,376.6074219,450.4837036,0.8287212849,0,169,pruned_quant-aggressive_98
441,387.2378845,229.1053772,464.360321,448.7654724,0.7606159449,0,169,pruned_quant-aggressive_98
442,316.2904968,285.5139465,407.6555481,447.554657,0.7370948792,16,169,pruned_quant-aggressive_98
443,317.0523682,284.9572449,407.5952759,448.6756897,0.5619760752,17,169,pruned_quant-aggressive_98
444,216.2271729,75.29039001,374.4434814,450.4446411,0.8322793841,0,170,pruned_quant-aggressive_98
445,314.8367004,289.1233521,406.6826477,448.8903198,0.7902851105,16,170,pruned_quant-aggressive_98
446,390.7144775,230.6664276,462.7235107,448.3673096,0.7851561904,0,170,pruned_quant-aggressive_98
447,214.1535339,76.48475647,372.1838074,450.8372803,0.8351633549,0,171,pruned_quant-aggressive_98
448,388.416687,233.2506104,461.1876831,449.2503662,0.7916603684,0,171,pruned_quant-aggressive_98
449,313.3706665,290.1748352,405.5964966,449.3017883,0.772449553,16,171,pruned_quant-aggressive_98
450,313.8732605,288.5762329,405.3340759,449.2650757,0.5642662048,17,171,pruned_quant-aggressive_98
451,214.7495422,77.62095642,374.5523376,451.5189819,0.7795901895,0,172,pruned_quant-aggressive_98
452,313.7515259,294.1106567,404.5375366,449.7630005,0.7748354673,16,172,pruned_quant-aggressive_98
453,383.5480957,234.2581177,461.3892212,447.6247559,0.7723984122,0,172,pruned_quant-aggressive_98
454,381.4873657,234.8285522,461.6877441,447.6237183,0.825124681,0,173,pruned_quant-aggressive_98
455,314.1235046,297.2276306,403.9732971,449.3442078,0.8143125176,16,173,pruned_quant-aggressive_98
456,213.7453918,77.48272705,374.1687927,451.2226563,0.7923187613,0,173,pruned_quant-aggressive_98
457,212.3696594,76.06292725,375.0470886,450.7002563,0.8412956595,0,174,pruned_quant-aggressive_98
458,383.4741821,235.0552063,463.0819092,447.5105896,0.7760061622,0,174,pruned_quant-aggressive_98
459,314.5803223,292.2921753,404.3894653,449.6941528,0.6638063192,16,174,pruned_quant-aggressive_98
460,212.2295074,76.01438904,374.3665161,450.6613159,0.8641960621,0,175,pruned_quant-aggressive_98
461,391.5365906,233.585968,463.1515198,448.5345764,0.7932056785,0,175,pruned_quant-aggressive_98
462,315.8885498,286.6466064,405.1467285,449.9120483,0.7289838195,17,175,pruned_quant-aggressive_98
463,315.2242126,287.8178711,405.4003601,448.1876221,0.5913237333,16,175,pruned_quant-aggressive_98
464,213.3186646,73.26145935,373.5429077,451.1949463,0.887363553,0,176,pruned_quant-aggressive_98
465,315.6404114,283.1324768,407.5656433,447.9436951,0.8092896938,16,176,pruned_quant-aggressive_98
466,392.0142212,229.4180603,464.81604,448.9154968,0.7879890203,0,176,pruned_quant-aggressive_98
467,213.9646149,71.92030334,374.9920654,450.581543,0.8654123545,0,177,pruned_quant-aggressive_98
468,390.2485657,229.0341644,465.4148865,449.2387085,0.8070716858,0,177,pruned_quant-aggressive_98
469,316.0178223,279.4414673,408.5846558,447.6687622,0.8009365797,16,177,pruned_quant-aggressive_98
470,214.8528595,72.63226318,374.5197754,450.0817871,0.8733460903,0,178,pruned_quant-aggressive_98
471,315.7641602,280.1140747,408.4142456,448.2753296,0.8110436797,16,178,pruned_quant-aggressive_98
472,389.4967957,228.9155121,466.2719421,449.1569824,0.7783295512,0,178,pruned_quant-aggressive_98
473,216.4581299,72.04188538,374.6199341,450.234436,0.8735032082,0,179,pruned_quant-aggressive_98
474,387.0186768,228.496582,467.2837524,448.9653931,0.8009418845,0,179,pruned_quant-aggressive_98
475,316.5996094,281.2191467,408.7266846,447.9068909,0.7546824217,16,179,pruned_quant-aggressive_98
476,317.3218689,281.2499084,409.002655,450.018158,0.5252920985,17,179,pruned_quant-aggressive_98
477,218.0519714,72.50180054,376.2047424,451.6969299,0.8471254706,0,180,pruned_quant-aggressive_98
478,386.6518555,228.9830017,468.4085083,448.6791077,0.7745809555,0,180,pruned_quant-aggressive_98
479,319.0914612,280.4853516,410.6041565,450.0019531,0.7485625148,17,180,pruned_quant-aggressive_98
480,219.2418365,73.16227722,378.03479,451.0004272,0.829646349,0,181,pruned_quant-aggressive_98
481,388.5501709,228.8935547,470.3529663,448.4544678,0.8003644347,0,181,pruned_quant-aggressive_98
482,320.789978,279.0518494,413.3326416,448.0861511,0.7345136404,16,181,pruned_quant-aggressive_98
483,219.7164307,75.52871704,379.7038574,450.7095642,0.8497090936,0,182,pruned_quant-aggressive_98
484,389.9898071,229.6839294,470.9642334,448.6100769,0.796156168,0,182,pruned_quant-aggressive_98
485,321.744751,280.4296875,415.6791992,448.8459473,0.6389610171,16,182,pruned_quant-aggressive_98
486,322.0419922,281.3793335,414.9075317,448.3863525,0.5559644699,17,182,pruned_quant-aggressive_98
487,221.0643768,78.63412476,378.9876709,451.1078186,0.8324452043,0,183,pruned_quant-aggressive_98
488,391.2943726,231.6772461,471.1444092,448.5906982,0.8011233211,0,183,pruned_quant-aggressive_98
489,321.8727417,284.211731,415.2042847,448.2460327,0.7992709279,16,183,pruned_quant-aggressive_98
490,220.9002686,80.06835938,378.84729,451.5787964,0.8354681134,0,184,pruned_quant-aggressive_98
491,322.201416,291.1716309,415.2606201,448.8453369,0.8038921356,16,184,pruned_quant-aggressive_98
492,393.1500549,235.1869507,471.4283142,448.265625,0.7841310501,0,184,pruned_quant-aggressive_98
493,220.9268799,82.32809448,379.105957,452.1296692,0.8245486617,0,185,pruned_quant-aggressive_98
494,395.6089478,237.2556763,470.5789795,448.5041504,0.7698114514,0,185,pruned_quant-aggressive_98
495,323.1974182,288.3583374,416.2900085,449.0112305,0.6383533478,16,185,pruned_quant-aggressive_98
496,323.3319092,290.1935425,416.3286133,448.8962402,0.5915945768,17,185,pruned_quant-aggressive_98
497,392.7964172,239.6849365,471.0815735,448.9059448,0.7474534512,0,186,pruned_quant-aggressive_98
498,221.8230591,85.14901733,380.4677124,450.5646057,0.7282704115,0,186,pruned_quant-aggressive_98
499,324.1763916,294.7649536,415.894104,449.1742554,0.6324054003,16,186,pruned_quant-aggressive_98
500,324.2566833,294.7591553,416.0795593,448.7789307,0.4828282297,17,186,pruned_quant-aggressive_98
501,324.2447815,296.1609497,415.4293518,449.3314209,0.8083121777,16,187,pruned_quant-aggressive_98
502,393.925293,240.205368,471.1875,449.4625854,0.727758944,0,187,pruned_quant-aggressive_98
503,222.0469818,86.89105225,379.9628296,450.4307251,0.7275534272,0,187,pruned_quant-aggressive_98
504,221.0576477,77.56185913,387.7028503,636.5202637,0.7698389292,0,188,pruned_quant-aggressive_98
505,326.1812744,293.0260925,415.1783447,449.0028381,0.7655931115,17,188,pruned_quant-aggressive_98
506,389.8501892,242.473175,471.7303162,445.9208679,0.7141113877,0,188,pruned_quant-aggressive_98
507,326.4238892,289.5765381,414.2151489,449.0553589,0.8012748957,17,189,pruned_quant-aggressive_98
508,389.3381348,243.9017029,471.6185303,446.8384094,0.7320920825,0,189,pruned_quant-aggressive_98
509,220.7635498,88.32307434,376.4298706,451.1619263,0.704887867,0,189,pruned_quant-aggressive_98
510,220.8911438,89.2724762,376.3094788,451.5899048,0.7831742764,0,190,pruned_quant-aggressive_98
511,387.5421143,244.736084,471.2390747,446.760437,0.7415700555,0,190,pruned_quant-aggressive_98
512,325.9929504,289.7593994,413.5107117,449.022583,0.7277476192,17,190,pruned_quant-aggressive_98
513,220.2615051,89.43367004,378.309906,451.4956665,0.7951697707,0,191,pruned_quant-aggressive_98
514,390.2757874,245.3077698,470.8695984,446.2206116,0.7131978273,0,191,pruned_quant-aggressive_98
515,324.8840027,294.2017517,413.4205017,448.9538879,0.6197846532,16,191,pruned_quant-aggressive_98
516,324.794342,293.8681335,413.7632751,448.5855408,0.6145624518,17,191,pruned_quant-aggressive_98
517,222.533493,90.44926453,381.157959,450.8850708,0.7636122108,0,192,pruned_quant-aggressive_98
518,324.7889404,300.4612427,414.1268311,448.7576294,0.7177841663,16,192,pruned_quant-aggressive_98
519,390.7973022,244.1717834,471.4044189,446.1148987,0.7050552368,0,192,pruned_quant-aggressive_98
520,225.2428894,89.50141907,384.3713684,449.9150391,0.7347154021,0,193,pruned_quant-aggressive_98
521,393.8128357,242.1789246,471.3249817,448.7782288,0.6925070286,0,193,pruned_quant-aggressive_98
522,324.1538696,305.4937439,415.0113525,448.4905701,0.6515870094,16,193,pruned_quant-aggressive_98
523,323.843689,304.1298523,415.4085083,449.1946716,0.8098535538,16,194,pruned_quant-aggressive_98
524,226.7714844,89.26463318,386.758606,450.0155029,0.7679608464,0,194,pruned_quant-aggressive_98
525,391.5613708,241.8137817,471.8434143,448.6821899,0.7363327742,0,194,pruned_quant-aggressive_98
526,323.6829529,305.4954529,415.7063293,449.118866,0.7737874389,16,195,pruned_quant-aggressive_98
527,227.320282,89.57341003,392.0382385,449.8365479,0.7547926307,0,195,pruned_quant-aggressive_98
528,391.881134,242.1834564,472.9999084,448.3861084,0.7439559102,0,195,pruned_quant-aggressive_98
529,226.884552,88.71212769,393.3216248,450.4945374,0.7490870357,0,196,pruned_quant-aggressive_98
530,324.1295776,309.0680847,415.8388062,449.5119324,0.7388224006,16,196,pruned_quant-aggressive_98
531,392.9053955,240.8811951,472.7416992,448.3213196,0.7269533277,0,196,pruned_quant-aggressive_98
532,226.6070557,87.55607605,395.7680664,450.1522827,0.7476796508,0,197,pruned_quant-aggressive_98
533,394.111145,241.7690277,473.7322388,446.2251587,0.7408832312,0,197,pruned_quant-aggressive_98
534,324.5311584,304.6643066,415.5340271,449.4165039,0.6325311661,16,197,pruned_quant-aggressive_98
535,396.3356018,233.7289276,473.4728699,448.4567871,0.7460032105,0,198,pruned_quant-aggressive_98
536,226.4441223,82.85203552,406.8391418,450.3654175,0.740446806,0,198,pruned_quant-aggressive_98
537,324.2884216,300.2381287,416.6890564,449.4756165,0.6029371023,16,198,pruned_quant-aggressive_98
538,395.9229736,234.7939148,474.2355957,448.4859924,0.8001875877,0,199,pruned_quant-aggressive_98
539,225.650177,77.32209778,411.4726257,450.425354,0.7943744063,0,199,pruned_quant-aggressive_98
540,325.0836182,298.7365112,416.9990234,448.8219604,0.740583837,16,199,pruned_quant-aggressive_98
541,225.2828979,75.66212463,414.6333618,450.9049072,0.8153102994,0,200,pruned_quant-aggressive_98
542,397.29599,231.7879181,474.0383606,449.1483154,0.800014317,0,200,pruned_quant-aggressive_98
543,325.6237488,297.6370239,416.6424255,448.6813354,0.7368603349,16,200,pruned_quant-aggressive_98
544,226.2568359,74.9055481,410.3773804,450.7436829,0.8103398681,0,201,pruned_quant-aggressive_98
545,396.1341858,229.716507,474.2414856,449.2037964,0.8068274856,0,201,pruned_quant-aggressive_98
546,326.2494812,296.3573914,416.7868958,448.1976624,0.6317751408,17,201,pruned_quant-aggressive_98
547,326.3442688,295.8803101,416.2169495,448.6115112,0.5298454165,16,201,pruned_quant-aggressive_98
548,227.2077332,74.6499176,409.2380066,451.0901489,0.8208904266,0,202,pruned_quant-aggressive_98
549,396.4481812,229.4917908,474.3104248,449.3016663,0.8159584403,0,202,pruned_quant-aggressive_98
550,326.9971924,289.2509766,417.0169067,449.5949097,0.7236727476,17,202,pruned_quant-aggressive_98
551,229.9184418,74.31719971,407.6774902,450.9458618,0.8202129006,0,203,pruned_quant-aggressive_98
552,396.505127,229.7339478,473.6915283,449.5915527,0.8114806414,0,203,pruned_quant-aggressive_98
553,327.0676575,287.0432434,416.4994812,449.6006775,0.7909246683,17,203,pruned_quant-aggressive_98
554,232.110611,75.38153076,409.9185791,450.7644653,0.83543396,0,204,pruned_quant-aggressive_98
555,396.7153931,231.2503357,473.7235718,449.4821472,0.8010424376,0,204,pruned_quant-aggressive_98
556,327.1396179,288.9533691,416.1300354,448.9378662,0.6920980215,17,204,pruned_quant-aggressive_98
557,234.3650818,77.04484558,406.5431824,450.1065674,0.837644875,0,205,pruned_quant-aggressive_98
558,397.5465393,231.9927368,472.6730652,449.6085205,0.8085433841,0,205,pruned_quant-aggressive_98
559,326.0011597,291.4259644,415.7837524,448.8901978,0.7671597004,17,205,pruned_quant-aggressive_98
560,235.2968597,77.38830566,406.0652466,449.9746094,0.8318553567,0,206,pruned_quant-aggressive_98
561,398.4215088,232.6706238,472.583313,450.1335144,0.7794116735,0,206,pruned_quant-aggressive_98
562,324.8042603,290.9292297,415.4833374,448.893158,0.7523417473,17,206,pruned_quant-aggressive_98
563,235.9741974,75.21377563,408.6127319,450.6838684,0.8425762057,0,207,pruned_quant-aggressive_98
564,396.0991211,232.300766,473.0585938,448.987793,0.8035975695,0,207,pruned_quant-aggressive_98
565,323.5988159,290.3670654,415.2654419,448.9559326,0.6594640017,17,207,pruned_quant-aggressive_98
566,235.8599854,73.79974365,406.260437,451.1397095,0.843336165,0,208,pruned_quant-aggressive_98
567,323.2214355,286.4336243,414.9385986,448.6899109,0.8268063664,17,208,pruned_quant-aggressive_98
568,396.9263,229.3745117,473.1075745,448.8929443,0.7994183302,0,208,pruned_quant-aggressive_98
569,323.4266663,281.8922729,414.0475159,448.5906982,0.8627631068,17,209,pruned_quant-aggressive_98
570,234.9416351,71.07432556,405.2644043,450.9453735,0.8440127969,0,209,pruned_quant-aggressive_98
571,395.8085327,228.475647,472.5159912,448.9633789,0.8123133779,0,209,pruned_quant-aggressive_98
572,322.1608582,278.7709351,414.0274353,448.617981,0.8354902864,17,210,pruned_quant-aggressive_98
573,233.7757568,68.64376831,401.6613159,450.4334412,0.8165469766,0,210,pruned_quant-aggressive_98
574,396.6554871,227.6644592,472.0445862,448.9996643,0.8009800315,0,210,pruned_quant-aggressive_98
575,232.7947388,67.61349487,411.2533569,449.5295715,0.7929292917,0,211,pruned_quant-aggressive_98
576,400.6607056,226.2498474,470.4660034,449.0604553,0.7659136653,0,211,pruned_quant-aggressive_98
577,322.3591614,280.9766235,414.4531555,447.56073,0.6203747392,17,211,pruned_quant-aggressive_98
578,230.2015839,67.2593689,405.3917847,450.3078308,0.7729946971,0,212,pruned_quant-aggressive_98
579,400.0529175,223.7721863,469.6629639,448.8857727,0.7646813393,0,212,pruned_quant-aggressive_98
580,320.2296143,278.7935181,412.8853149,448.7902222,0.7224394679,17,212,pruned_quant-aggressive_98
581,319.650177,278.0285034,410.7108459,448.6919556,0.8232745528,17,213,pruned_quant-aggressive_98
582,227.8725586,66.11029053,401.7826538,450.3495483,0.8094780445,0,213,pruned_quant-aggressive_98
583,396.3630066,223.6697998,468.1167297,448.7799683,0.765319109,0,213,pruned_quant-aggressive_98
584,318.8219604,278.0776367,409.3966675,448.692749,0.8087542057,17,214,pruned_quant-aggressive_98
585,226.6225281,68.03561401,404.1430359,450.476593,0.79984653,0,214,pruned_quant-aggressive_98
586,395.5714417,225.7279968,466.0413513,449.1660461,0.770791769,0,214,pruned_quant-aggressive_98
587,225.6300964,67.84928894,399.7985535,450.2459106,0.8259646297,0,215,pruned_quant-aggressive_98
588,391.6294861,225.965271,465.0235291,448.7994995,0.7661089301,0,215,pruned_quant-aggressive_98
589,318.1705017,279.6525269,409.4079895,448.8484497,0.758205235,17,215,pruned_quant-aggressive_98
590,317.3755188,279.723114,408.8102112,448.7945862,0.5802692771,16,215,pruned_quant-aggressive_98
591,224.7721252,68.35676575,396.3251648,450.9420776,0.825604558,0,216,pruned_quant-aggressive_98
592,394.5766602,227.9438782,464.3018799,448.1840515,0.7534048557,0,216,pruned_quant-aggressive_98
593,318.1434631,283.1377258,407.1446228,449.9030457,0.7509695888,17,216,pruned_quant-aggressive_98
594,317.2862854,283.522644,407.5203552,449.0151367,0.6396016479,16,216,pruned_quant-aggressive_98
595,224.2514648,70.90643311,395.9510498,451.5813599,0.8238763809,0,217,pruned_quant-aggressive_98
596,318.6114502,283.888855,406.3383179,449.7193604,0.758469224,17,217,pruned_quant-aggressive_98
597,394.9407349,227.9875336,462.8049316,447.5827026,0.7510665059,0,217,pruned_quant-aggressive_98
598,317.870697,284.2230835,406.6593933,448.8076782,0.5023962855,16,217,pruned_quant-aggressive_98
599,224.2200012,70.52027893,394.587677,451.3668213,0.8343981504,0,218,pruned_quant-aggressive_98
600,321.4272156,283.5973511,406.5489197,449.7542725,0.8172419667,17,218,pruned_quant-aggressive_98
601,394.2218628,227.9434814,462.4551392,448.5887451,0.7795336843,0,218,pruned_quant-aggressive_98
602,324.3890381,281.9966736,407.0747681,448.1929016,0.838784039,17,219,pruned_quant-aggressive_98
603,224.5911865,70.55282593,396.4112549,451.146759,0.8272610903,0,219,pruned_quant-aggressive_98
604,395.8043518,228.2404327,463.389801,448.4636841,0.7753981948,0,219,pruned_quant-aggressive_98
605,326.6046448,278.3831787,407.4841614,448.164917,0.8685236573,17,220,pruned_quant-aggressive_98
606,225.1430359,69.7625885,395.1535339,450.354126,0.8222572803,0,220,pruned_quant-aggressive_98
607,391.466217,226.9252319,464.7100525,449.0883179,0.786711812,0,220,pruned_quant-aggressive_98
608,389.5350952,224.5603333,465.7293091,448.7609558,0.7470040917,0,221,pruned_quant-aggressive_98
609,225.7618256,66.11764526,404.7544556,450.0253601,0.7458356023,0,221,pruned_quant-aggressive_98
610,391.6071472,221.4838562,466.8061218,449.3928528,0.735365212,0,222,pruned_quant-aggressive_98
611,226.265152,64.52282715,409.4437866,449.2271729,0.6948484182,0,222,pruned_quant-aggressive_98
612,390.3437195,219.573288,467.7513123,449.6533813,0.7244156599,0,223,pruned_quant-aggressive_98
613,227.1154938,63.94050598,410.6428223,449.9729004,0.6765583158,0,223,pruned_quant-aggressive_98
614,391.8933105,218.9603424,468.6077881,449.595459,0.6919816136,0,224,pruned_quant-aggressive_98
615,228.8700256,60.6796875,413.9750671,449.7061157,0.6241185665,0,224,pruned_quant-aggressive_98
616,392.2636108,220.8112488,469.0842896,449.7795105,0.7109921575,0,225,pruned_quant-aggressive_98
617,228.0930786,64.03323364,413.9820557,449.9495544,0.6127493382,0,225,pruned_quant-aggressive_98
618,394.585022,222.019516,468.586792,449.1741943,0.7260854244,0,226,pruned_quant-aggressive_98
619,227.2784729,64.72239685,408.8542175,449.8308716,0.6651685834,0,226,pruned_quant-aggressive_98
620,227.3581848,67.0705719,407.3415833,449.1645508,0.6954407692,0,227,pruned_quant-aggressive_98
621,392.5776672,226.670105,467.6736755,448.5634766,0.6824632883,0,227,pruned_quant-aggressive_98
622,227.1811981,72.44403076,409.071106,450.6418457,0.6967464089,0,228,pruned_quant-aggressive_98
623,393.4048462,230.5902405,467.987793,448.4629822,0.6699652672,0,228,pruned_quant-aggressive_98
624,389.1946411,233.1578369,468.7418823,448.7095337,0.7206580043,0,229,pruned_quant-aggressive_98
625,226.6588745,75.93089294,408.3599854,450.7989502,0.6189746261,0,229,pruned_quant-aggressive_98
626,392.1520081,233.0434265,468.8019104,448.5545349,0.7079202533,0,230,pruned_quant-aggressive_98
627,225.5021362,73.2281189,409.473999,640.0710449,0.4737349451,0,230,pruned_quant-aggressive_98
628,399.8270264,233.1087494,467.6639404,448.2982788,0.7309706807,0,231,pruned_quant-aggressive_98
629,226.5889282,74.52391052,419.7824097,448.8460083,0.5472503901,0,231,pruned_quant-aggressive_98
630,391.0455322,229.586731,468.0307617,448.6775513,0.6936479211,0,232,pruned_quant-aggressive_98
631,225.8101501,71.90150452,413.1343689,449.6268311,0.6112043262,0,232,pruned_quant-aggressive_98
632,385.7015991,226.5655823,467.8070068,449.8826599,0.7691364288,0,233,pruned_quant-aggressive_98
633,225.8515472,68.85501099,402.7420654,449.0989075,0.6229405999,0,233,pruned_quant-aggressive_98
634,389.0175171,220.825119,468.3452148,449.6937866,0.7690139413,0,234,pruned_quant-aggressive_98
635,225.5367279,66.67785645,397.8286743,449.2501221,0.6672308445,0,234,pruned_quant-aggressive_98
636,387.3759155,217.3342438,467.4605713,448.8477173,0.7626914382,0,235,pruned_quant-aggressive_98
637,225.2212219,64.63069153,385.7524719,449.0165405,0.6507248878,0,235,pruned_quant-aggressive_98
638,381.5084534,215.0175934,467.3247986,449.5509033,0.8184486628,0,236,pruned_quant-aggressive_98
639,331.9331055,283.1643982,405.0637817,447.8794861,0.7613624334,16,236,pruned_quant-aggressive_98
640,224.4479065,63.91413879,382.3592224,448.7032471,0.6872442365,0,236,pruned_quant-aggressive_98
641,381.0709534,213.1668243,467.8347473,449.4577026,0.8104961514,0,237,pruned_quant-aggressive_98
642,223.681366,64.26863098,387.493866,449.1065674,0.6904463768,0,237,pruned_quant-aggressive_98
643,382.6804504,214.6358032,468.5421448,449.043396,0.7902060151,0,238,pruned_quant-aggressive_98
644,221.9019775,64.68962097,385.003418,448.3182373,0.6697936654,0,238,pruned_quant-aggressive_98
645,388.1817322,214.8705444,468.1131897,448.1685181,0.7896208763,0,239,pruned_quant-aggressive_98
646,218.5652771,56.74975586,389.2566223,643.6226807,0.6968215704,0,239,pruned_quant-aggressive_98
647,333.3854065,269.1107788,400.6163025,449.2317505,0.5082574487,17,239,pruned_quant-aggressive_98
648,387.0271606,215.9638367,468.449646,447.0354309,0.7733744979,0,240,pruned_quant-aggressive_98
649,221.1458435,79.3866272,388.1164246,446.0256653,0.7321524024,0,240,pruned_quant-aggressive_98
650,216.8137054,77.71090698,386.5712891,447.0992737,0.7741873264,0,241,pruned_quant-aggressive_98
651,375.521759,216.3713989,469.4360657,447.5163574,0.7590090632,0,241,pruned_quant-aggressive_98
652,214.1560822,76.74211121,384.6447144,444.6461792,0.7989445925,0,242,pruned_quant-aggressive_98
653,352.3925171,218.5901947,468.9420166,448.6147461,0.5927616358,0,242,pruned_quant-aggressive_98
654,207.628418,82.7795105,389.819458,639.7944336,0.8039454818,0,243,pruned_quant-aggressive_98
655,384.5220947,215.3823547,468.9342041,449.2151794,0.4916968942,0,243,pruned_quant-aggressive_98
656,204.3059998,66.80703735,394.9325867,638.1694336,0.7969027162,0,244,pruned_quant-aggressive_98
657,387.052948,213.2021484,470.5297546,449.3821411,0.773829937,0,244,pruned_quant-aggressive_98
658,383.7686157,207.7437744,472.9713745,449.6954956,0.8378739357,0,245,pruned_quant-aggressive_98
659,202.0277557,55.87695313,393.7425537,639.6544189,0.7371252179,0,245,pruned_quant-aggressive_98
660,387.9292297,202.743988,474.492157,450.1424255,0.8367060423,0,246,pruned_quant-aggressive_98
661,197.7992554,54.63540649,398.5426025,640.5737305,0.708714664,0,246,pruned_quant-aggressive_98