,xmin,ymin,xmax,ymax,confidence,class,timestamp,classifier
0,718.6866455078125,292.7144470214844,1025.87646484375,494.0044250488281,0.9132822751998901,22,0,yolov5s
1,171.63201904296875,186.5056915283203,325.84100341796875,495.92669677734375,0.7815378904342651,23,0,yolov5s
2,202.64279174804688,6.764495849609375,343.0225524902344,462.7312927246094,0.2832145094871521,23,0,yolov5s
3,731.1749267578125,309.8511047363281,1039.1405029296875,510.1610107421875,0.9226126670837402,22,1,yolov5s
4,208.18991088867188,0.0,349.9075622558594,501.047607421875,0.6655685305595398,23,1,yolov5s
5,742.6188354492188,319.1294860839844,1054.609130859375,514.7965698242188,0.931425154209137,22,2,yolov5s
6,192.7330780029297,207.17442321777344,344.11236572265625,518.5435791015625,0.8085508346557617,23,2,yolov5s
7,224.5057830810547,0.0,361.4227294921875,508.512939453125,0.781654953956604,23,2,yolov5s
8,744.644775390625,320.0087585449219,1064.3154296875,512.8720703125,0.9339520931243896,22,3,yolov5s
9,231.27020263671875,0.0,368.77911376953125,511.08807373046875,0.8074791431427002,23,3,yolov5s
10,202.67852783203125,209.1007843017578,348.79443359375,517.217529296875,0.7931221723556519,23,3,yolov5s
11,725.2488403320312,315.8333740234375,1076.471923828125,513.0106201171875,0.9117388129234314,22,4,yolov5s
12,203.62998962402344,206.26019287109375,351.0250244140625,509.07342529296875,0.8511388897895813,23,4,yolov5s
13,234.48025512695312,0.0,371.6990051269531,500.11444091796875,0.7595506906509399,23,4,yolov5s
14,746.4988403320312,304.4144592285156,1078.104736328125,507.106689453125,0.9067543148994446,22,5,yolov5s
15,196.50413513183594,197.06663513183594,350.98822021484375,502.11810302734375,0.8449709415435791,23,5,yolov5s
16,232.32386779785156,0.0,367.543212890625,497.095703125,0.7132886052131653,23,5,yolov5s
17,718.8575439453125,299.8260498046875,1084.484375,496.84881591796875,0.8954153656959534,22,6,yolov5s
18,194.0056610107422,190.66024780273438,346.621337890625,491.1037902832031,0.8599267601966858,23,6,yolov5s
19,229.4620361328125,0.0,367.9713134765625,483.11358642578125,0.5697630643844604,23,6,yolov5s
20,715.595458984375,279.938720703125,1094.1014404296875,502.40655517578125,0.9130765199661255,22,7,yolov5s
21,193.609130859375,181.6766815185547,347.80413818359375,484.8714599609375,0.8641319274902344,23,7,yolov5s
22,230.37811279296875,0.0,368.31524658203125,477.264892578125,0.5875523686408997,23,7,yolov5s
23,751.9972534179688,287.59564208984375,1095.22216796875,496.60443115234375,0.9152315855026245,22,8,yolov5s
24,196.36903381347656,174.11752319335938,346.9622802734375,476.4222106933594,0.8563559055328369,23,8,yolov5s
25,229.17135620117188,0.0,368.0369567871094,470.77154541015625,0.6606450080871582,23,8,yolov5s
26,748.7291259765625,271.15179443359375,1096.7762451171875,488.84967041015625,0.9200870394706726,22,9,yolov5s
27,195.9717559814453,165.61155700683594,348.58636474609375,467.1083984375,0.8306609392166138,23,9,yolov5s
28,232.1143798828125,0.0,369.03436279296875,423.81378173828125,0.3903625011444092,23,9,yolov5s
29,754.1842041015625,262.9328918457031,1104.5408935546875,480.3919372558594,0.9237198233604431,22,10,yolov5s
30,198.21551513671875,159.22434997558594,348.7564697265625,457.31365966796875,0.8071241974830627,23,10,yolov5s
31,230.79061889648438,0.0,370.4272766113281,421.4596252441406,0.42312711477279663,23,10,yolov5s
32,774.6919555664062,260.6753845214844,1107.6171875,479.8649597167969,0.9377055764198303,22,11,yolov5s
33,194.99209594726562,148.62081909179688,342.7840270996094,454.5633239746094,0.8154253363609314,23,11,yolov5s
34,234.51951599121094,0.0,365.79522705078125,428.622802734375,0.3665533661842346,23,11,yolov5s
35,785.4072265625,264.8114929199219,1108.916259765625,491.3642272949219,0.9343446493148804,22,12,yolov5s
36,189.41635131835938,163.24754333496094,347.0878601074219,464.00372314453125,0.7652922868728638,23,12,yolov5s
37,790.898193359375,285.1243591308594,1112.8536376953125,507.8612060546875,0.9212137460708618,22,13,yolov5s
38,190.07879638671875,177.41317749023438,344.0809326171875,479.7428894042969,0.7847520112991333,23,13,yolov5s
39,223.99160766601562,0.0,362.1408386230469,456.49609375,0.28927895426750183,23,13,yolov5s
40,787.854736328125,303.2005615234375,1106.333984375,528.0076293945312,0.9290081858634949,22,14,yolov5s
41,206.86993408203125,0.0,352.59344482421875,504.3519287109375,0.7498703598976135,23,14,yolov5s
42,180.03872680664062,191.45712280273438,324.55322265625,498.7762451171875,0.722741425037384,23,14,yolov5s
43,761.7168579101562,326.80438232421875,1098.475830078125,546.6048583984375,0.915313720703125,22,15,yolov5s
44,166.0817413330078,206.6638641357422,314.12261962890625,520.8832397460938,0.8108506202697754,23,15,yolov5s
45,194.8331298828125,0.0,342.57147216796875,506.7012939453125,0.6952657699584961,23,15,yolov5s
46,771.7987060546875,337.336181640625,1097.1343994140625,559.2064819335938,0.9206477403640747,22,16,yolov5s
47,158.932861328125,222.43392944335938,313.04168701171875,527.0068359375,0.8103988766670227,23,16,yolov5s
48,182.82354736328125,0.0,339.382568359375,506.64013671875,0.6596469283103943,23,16,yolov5s
49,747.4613037109375,342.1626281738281,1100.028564453125,562.9547729492188,0.9133433103561401,22,17,yolov5s
50,157.316650390625,233.36453247070312,311.1605224609375,523.59814453125,0.8513849973678589,23,17,yolov5s
51,193.593505859375,0.0,333.14794921875,501.6322021484375,0.6803855895996094,23,17,yolov5s
52,747.4321899414062,309.7811279296875,1105.282470703125,559.9969482421875,0.8970025181770325,22,18,yolov5s
53,154.74649047851562,220.55067443847656,310.32598876953125,525.0254516601562,0.8505018353462219,23,18,yolov5s
54,186.43582153320312,0.0,333.1480407714844,502.44378662109375,0.567524254322052,23,18,yolov5s
55,772.1452026367188,330.7316589355469,1114.472900390625,543.3173217773438,0.8948737978935242,22,19,yolov5s
56,158.2682647705078,212.1309051513672,311.83953857421875,517.27734375,0.8601744174957275,23,19,yolov5s
57,194.9715576171875,0.0,333.67138671875,488.1817626953125,0.6411803960800171,23,19,yolov5s
58,777.154052734375,322.8470764160156,1126.4775390625,527.844482421875,0.9076970219612122,22,20,yolov5s
59,166.81631469726562,202.10987854003906,317.3523254394531,504.8681640625,0.859663188457489,23,20,yolov5s
60,199.18975830078125,0.0,339.8465576171875,495.68701171875,0.7304768562316895,23,20,yolov5s
61,777.8854370117188,310.34979248046875,1129.5447998046875,513.3458862304688,0.8974098563194275,22,21,yolov5s
62,163.61660766601562,188.7334442138672,318.17633056640625,498.7958984375,0.8716827034950256,23,21,yolov5s
63,200.66046142578125,0.0,338.30426025390625,463.4199523925781,0.7060843706130981,23,21,yolov5s
64,770.00244140625,298.765625,1131.7784423828125,505.63330078125,0.9163737893104553,22,22,yolov5s
65,157.3403778076172,183.8099822998047,315.0103759765625,487.71795654296875,0.854714572429657,23,22,yolov5s
66,195.3837127685547,0.0,331.14691162109375,464.07562255859375,0.655567467212677,23,22,yolov5s
67,760.9200439453125,296.05157470703125,1129.9373779296875,506.0880126953125,0.9243665337562561,22,23,yolov5s
68,148.16419982910156,172.8200225830078,299.333740234375,477.95880126953125,0.8446296453475952,23,23,yolov5s
69,181.45993041992188,2.33917236328125,321.3888854980469,457.43731689453125,0.6912570595741272,23,23,yolov5s
70,752.22998046875,297.5474548339844,1123.546630859375,507.16973876953125,0.9178621768951416,22,24,yolov5s
71,135.76918029785156,172.78648376464844,292.06951904296875,478.88519287109375,0.8062829375267029,23,24,yolov5s
72,746.908447265625,294.8946228027344,1120.3695068359375,504.90106201171875,0.9247341156005859,22,25,yolov5s
73,127.92695617675781,179.15609741210938,284.40185546875,477.5152282714844,0.8669261932373047,23,25,yolov5s
74,162.45347595214844,0.0,301.22607421875,463.5064697265625,0.4475637972354889,23,25,yolov5s
75,737.08544921875,296.8643798828125,1113.5894775390625,507.142333984375,0.9301337599754333,22,26,yolov5s
76,116.05841064453125,166.86216735839844,263.92535400390625,474.978271484375,0.8544939160346985,23,26,yolov5s
77,145.85345458984375,0.8393402099609375,286.6517333984375,431.195556640625,0.7593996524810791,23,26,yolov5s
78,737.7679443359375,295.2564392089844,1110.5584716796875,509.1473388671875,0.9320814609527588,22,27,yolov5s
79,99.73655700683594,172.10919189453125,253.6233673095703,474.51123046875,0.863145112991333,23,27,yolov5s
80,133.8929443359375,0.1051483154296875,273.33709716796875,426.64813232421875,0.7147247791290283,23,27,yolov5s
81,743.3632202148438,293.7599182128906,1111.592041015625,510.30224609375,0.9268518090248108,22,28,yolov5s
82,90.66522979736328,175.31494140625,250.0428466796875,479.30462646484375,0.8736020922660828,23,28,yolov5s
83,130.0380859375,0.0,265.59747314453125,413.10211181640625,0.7154717445373535,23,28,yolov5s
84,764.0005493164062,290.5416564941406,1116.5191650390625,507.76507568359375,0.9247691035270691,22,29,yolov5s
85,87.58946990966797,172.68954467773438,250.134521484375,476.3139343261719,0.866460382938385,23,29,yolov5s
86,124.04063415527344,0.0,262.0703125,413.826416015625,0.650209367275238,23,29,yolov5s
87,771.7447509765625,287.045166015625,1124.6583251953125,500.64471435546875,0.9232432842254639,22,30,yolov5s
88,91.89446258544922,179.20936584472656,255.24972534179688,463.52691650390625,0.8580478429794312,23,30,yolov5s
89,115.08734130859375,0.0,261.4345703125,400.389892578125,0.2587737441062927,23,30,yolov5s
90,788.2728881835938,279.8441162109375,1128.7413330078125,493.14056396484375,0.9350622296333313,22,31,yolov5s
91,88.25579833984375,157.3863983154297,252.74441528320312,461.4398193359375,0.8602440357208252,23,31,yolov5s
92,124.09256744384766,0.0,259.33221435546875,412.3671875,0.62636798620224,23,31,yolov5s
93,797.46337890625,271.3368225097656,1132.4674072265625,484.5401306152344,0.9287832379341125,22,32,yolov5s
94,85.12955474853516,150.7680206298828,248.26870727539062,451.25592041015625,0.853352427482605,23,32,yolov5s
95,120.19485473632812,0.0,256.45245361328125,406.8590087890625,0.25926706194877625,23,32,yolov5s
96,800.1243896484375,269.1345520019531,1135.053466796875,482.5936584472656,0.9303820133209229,22,33,yolov5s
97,81.09362030029297,144.6134033203125,245.97454833984375,450.6243896484375,0.842312753200531,23,33,yolov5s
98,799.473876953125,270.7642822265625,1137.193359375,482.22509765625,0.9287561774253845,22,34,yolov5s
99,80.56795501708984,145.6769561767578,240.15628051757812,447.90264892578125,0.8651401996612549,23,34,yolov5s
100,115.30536651611328,0.0,253.06829833984375,408.984619140625,0.38624370098114014,23,34,yolov5s
101,796.3136596679688,267.9603271484375,1138.4375,478.9600830078125,0.9241575002670288,22,35,yolov5s
102,74.8458251953125,146.2749481201172,236.85443115234375,446.15728759765625,0.8700798749923706,23,35,yolov5s
103,109.44361877441406,0.0,249.4442901611328,397.03656005859375,0.5589693188667297,23,35,yolov5s
104,796.426513671875,264.15887451171875,1145.098388671875,477.8624267578125,0.920619785785675,22,36,yolov5s
105,73.92578125,142.43795776367188,232.32022094726562,440.4634094238281,0.8670735955238342,23,36,yolov5s
106,106.87713623046875,4.1611175537109375,246.548583984375,388.36004638671875,0.28228339552879333,23,36,yolov5s
107,796.8605346679688,258.0562744140625,1153.274658203125,471.10345458984375,0.9345396161079407,22,37,yolov5s
108,73.70947265625,126.51022338867188,238.89794921875,432.7483825683594,0.8428057432174683,23,37,yolov5s
109,799.4932250976562,258.4828796386719,1162.5447998046875,466.6241760253906,0.9429731965065002,22,38,yolov5s
110,79.03064727783203,125.25982666015625,240.98095703125,432.1700439453125,0.8445623517036438,23,38,yolov5s
111,116.19893646240234,3.8918914794921875,250.9306640625,357.43115234375,0.378135085105896,23,38,yolov5s
112,796.921630859375,257.5718688964844,1169.18212890625,468.9798889160156,0.9425813555717468,22,39,yolov5s
113,74.42642974853516,123.19389343261719,240.39022827148438,431.12530517578125,0.8459033966064453,23,39,yolov5s
114,794.0211181640625,260.5767517089844,1171.7333984375,472.6507873535156,0.9433910250663757,22,40,yolov5s
115,69.5390853881836,133.53855895996094,228.37777709960938,431.51617431640625,0.8291549682617188,23,40,yolov5s
116,788.177978515625,264.5669250488281,1167.9638671875,479.3633728027344,0.9374363422393799,22,41,yolov5s
117,61.58300018310547,133.63558959960938,215.6392822265625,436.5754089355469,0.8122727870941162,23,41,yolov5s
118,779.87451171875,273.8351135253906,1165.427490234375,482.2691955566406,0.9383381009101868,22,42,yolov5s
119,49.62348937988281,139.20387268066406,203.82208251953125,442.30340576171875,0.8321157693862915,23,42,yolov5s
120,773.9616088867188,274.5250244140625,1165.881103515625,482.2647705078125,0.9367805123329163,22,43,yolov5s
121,41.73741149902344,140.54505920410156,199.11598205566406,443.14453125,0.8502704501152039,23,43,yolov5s
122,780.8154296875,264.2945251464844,1169.2205810546875,479.8562316894531,0.9269829988479614,22,44,yolov5s
123,36.89574432373047,136.8674774169922,195.02496337890625,434.73431396484375,0.8410484790802002,23,44,yolov5s
124,799.3178100585938,260.8116455078125,1175.271240234375,478.22161865234375,0.9350701570510864,22,45,yolov5s
125,34.454673767089844,132.6812286376953,192.685546875,431.4866943359375,0.8245017528533936,23,45,yolov5s
126,808.3917236328125,260.4908142089844,1184.7559814453125,478.8097229003906,0.9409238696098328,22,46,yolov5s
127,35.4989013671875,132.81454467773438,196.79940795898438,433.7314758300781,0.8322741389274597,23,46,yolov5s
128,831.880859375,262.83721923828125,1193.8114013671875,482.51715087890625,0.9297033548355103,22,47,yolov5s
129,38.296974182128906,133.0359649658203,197.65985107421875,436.27923583984375,0.823150634765625,23,47,yolov5s
130,842.7460327148438,265.9444580078125,1195.7840576171875,487.01763916015625,0.9240314364433289,22,48,yolov5s
131,34.96894073486328,136.34051513671875,191.332763671875,440.61175537109375,0.7956241965293884,23,48,yolov5s
132,67.03443908691406,4.163787841796875,207.84559631347656,374.7567443847656,0.25083449482917786,23,48,yolov5s
133,840.9794921875,271.626953125,1193.5953369140625,490.5650634765625,0.9371787309646606,22,49,yolov5s
134,25.858375549316406,147.2602996826172,184.086181640625,442.22027587890625,0.8499956130981445,23,49,yolov5s
135,58.86170196533203,0.0,196.58004760742188,400.55255126953125,0.26130273938179016,23,49,yolov5s
136,835.4140625,274.679931640625,1190.3062744140625,499.09814453125,0.9365153908729553,22,50,yolov5s
137,14.021125793457031,133.09210205078125,178.11083984375,442.95172119140625,0.7846763134002686,23,50,yolov5s
138,830.7733154296875,282.301513671875,1196.188720703125,497.92120361328125,0.9360491633415222,22,51,yolov5s
139,9.703033447265625,146.547119140625,171.9620361328125,452.2108154296875,0.8199140429496765,23,51,yolov5s
140,830.060302734375,285.49853515625,1203.509765625,498.0096435546875,0.9309775233268738,22,52,yolov5s
141,8.410560607910156,145.0054168701172,169.15188598632812,451.29522705078125,0.8106696605682373,23,52,yolov5s
142,825.2813720703125,287.3548583984375,1203.158935546875,493.4549560546875,0.9350655674934387,22,53,yolov5s
143,4.0314178466796875,145.0107879638672,159.25010681152344,449.77777099609375,0.8797137141227722,23,53,yolov5s
144,39.107086181640625,0.0,180.38941955566406,417.06787109375,0.4054665267467499,23,53,yolov5s
145,811.9423217773438,289.86627197265625,1199.87890625,494.3670654296875,0.9339836239814758,22,54,yolov5s
146,0.9546279907226562,147.47317504882812,154.66058349609375,451.7286071777344,0.8614628911018372,23,54,yolov5s
147,26.774368286132812,0.0,170.54408264160156,393.76123046875,0.39711320400238037,23,54,yolov5s
148,800.927001953125,295.3076171875,1203.0130615234375,498.1107177734375,0.9304159879684448,22,55,yolov5s
149,0.0,148.27169799804688,150.08636474609375,452.7565612792969,0.7655311822891235,23,55,yolov5s
150,801.9503784179688,299.787353515625,1211.2177734375,501.53570556640625,0.9316440224647522,22,56,yolov5s
151,9.802085876464844,2.3934326171875,158.2386474609375,453.3716735839844,0.7601972222328186,23,56,yolov5s
152,797.1495361328125,301.7312927246094,1217.16064453125,503.777099609375,0.933536946773529,22,57,yolov5s
153,6.517539978027344,1.9802093505859375,157.38427734375,454.2137451171875,0.7798511981964111,23,57,yolov5s
154,801.795166015625,300.7210693359375,1219.97607421875,502.9520263671875,0.9339216947555542,22,58,yolov5s
155,6.40325927734375,0.2907867431640625,151.37908935546875,442.34576416015625,0.7569980025291443,23,58,yolov5s
156,813.55615234375,298.0565185546875,1225.58935546875,499.03424072265625,0.9285594820976257,22,59,yolov5s
157,5.057098388671875,0.324981689453125,148.10971069335938,421.35137939453125,0.733394980430603,23,59,yolov5s
158,827.1467895507812,292.72601318359375,1246.6920166015625,495.5030517578125,0.9359874129295349,22,60,yolov5s
159,4.016288757324219,0.0,153.13278198242188,440.6213073730469,0.7415156364440918,23,60,yolov5s
160,852.1347045898438,286.25732421875,1253.44970703125,492.42138671875,0.9370028376579285,22,61,yolov5s
161,0.0,137.96176147460938,149.11151123046875,440.4683532714844,0.7594219446182251,23,61,yolov5s
162,861.7665405273438,281.870361328125,1257.046875,490.77069091796875,0.9348320364952087,22,62,yolov5s
163,7.269798278808594,0.0,154.05792236328125,434.6374816894531,0.7437108159065247,23,62,yolov5s
164,876.1034545898438,280.87396240234375,1254.1959228515625,491.537109375,0.9428728222846985,22,63,yolov5s
165,1.4544296264648438,0.0,142.7088623046875,437.2716979980469,0.7672316431999207,23,63,yolov5s
166,863.4908447265625,281.3275146484375,1243.2503662109375,491.8568115234375,0.9430130124092102,22,64,yolov5s
167,0.0,0.0,125.81796264648438,438.852783203125,0.8258855938911438,23,64,yolov5s
168,852.5505981445312,284.26019287109375,1233.8299560546875,492.69696044921875,0.9392029643058777,22,65,yolov5s
169,0.13698959350585938,0.0,112.65959167480469,439.9560546875,0.8197848200798035,23,65,yolov5s
170,841.0350341796875,287.6706237792969,1223.9859619140625,495.8563537597656,0.9343809485435486,22,66,yolov5s
171,0.43695831298828125,0.0,95.15096282958984,440.21942138671875,0.8268783688545227,23,66,yolov5s
172,0.2713127136230469,313.53656005859375,77.79188537597656,450.703125,0.31250160932540894,23,66,yolov5s
173,835.205078125,292.71331787109375,1219.00537109375,503.3045654296875,0.934757649898529,22,67,yolov5s
174,0.6583061218261719,0.0,87.96951293945312,453.0627136230469,0.8558678030967712,23,67,yolov5s
175,826.2454223632812,299.9893798828125,1214.1778564453125,506.4573974609375,0.9371642470359802,22,68,yolov5s
176,0.5413131713867188,0.0,80.19506072998047,459.27667236328125,0.7639616131782532,23,68,yolov5s
177,825.0103759765625,305.968017578125,1210.2783203125,512.8096923828125,0.9429329633712769,22,69,yolov5s
178,0.0,0.0,63.4815559387207,467.8374938964844,0.6503419280052185,23,69,yolov5s
179,830.8121337890625,308.814697265625,1214.4775390625,512.00341796875,0.9402468204498291,22,70,yolov5s
180,0.0,0.0,62.655052185058594,469.359619140625,0.6059916615486145,23,70,yolov5s
181,829.7392578125,304.9068603515625,1219.440673828125,508.8499755859375,0.9412241578102112,22,71,yolov5s
182,0.4502449035644531,2.7712249755859375,57.12852096557617,452.18023681640625,0.6702139973640442,23,71,yolov5s
183,828.729736328125,301.8963317871094,1221.656982421875,507.32855224609375,0.9369122982025146,22,72,yolov5s
184,0.23999786376953125,3.048919677734375,51.159149169921875,452.8306579589844,0.6993497014045715,23,72,yolov5s
185,820.80859375,296.9626770019531,1219.6802978515625,502.47491455078125,0.9381159543991089,22,73,yolov5s
186,0.0,1.1132049560546875,47.12055969238281,444.065673828125,0.6253558993339539,23,73,yolov5s
187,819.461181640625,295.95703125,1215.683837890625,500.48828125,0.9380850195884705,22,74,yolov5s
188,815.71142578125,298.3612060546875,1213.546142578125,505.6534423828125,0.9358969330787659,22,75,yolov5s
189,811.2484130859375,302.4219055175781,1209.73974609375,515.4656372070312,0.9430081248283386,22,76,yolov5s
190,818.9815673828125,301.3063049316406,1204.554443359375,516.7277221679688,0.9429049491882324,22,77,yolov5s
191,820.7721557617188,296.0989990234375,1200.524658203125,508.3660888671875,0.9400255680084229,22,78,yolov5s
192,821.7459106445312,287.91351318359375,1200.3834228515625,500.88189697265625,0.9375878572463989,22,79,yolov5s
193,818.5472412109375,286.0411376953125,1200.52099609375,498.9443359375,0.9354814887046814,22,80,yolov5s
194,809.5096435546875,290.2355041503906,1195.938720703125,505.7686767578125,0.9388996958732605,22,81,yolov5s
195,797.9534301757812,296.94024658203125,1184.1015625,510.8162841796875,0.9366692304611206,22,82,yolov5s
196,786.36181640625,298.3118896484375,1169.98974609375,511.1915283203125,0.9372873902320862,22,83,yolov5s
197,768.3309936523438,298.1589050292969,1153.20849609375,511.8782958984375,0.9352384209632874,22,84,yolov5s
198,750.4058837890625,300.82537841796875,1142.3157958984375,511.11083984375,0.9395981431007385,22,85,yolov5s
199,741.061767578125,303.51544189453125,1137.77685546875,513.447998046875,0.9378197193145752,22,86,yolov5s
200,734.486083984375,304.06243896484375,1129.3603515625,511.73779296875,0.9314467310905457,22,87,yolov5s
201,723.5145263671875,305.73114013671875,1117.4730224609375,514.1973266601562,0.9310869574546814,22,88,yolov5s
202,700.5438842773438,309.8270568847656,1103.630859375,516.7362060546875,0.9318795204162598,22,89,yolov5s
203,661.1341552734375,310.248779296875,1082.3310546875,519.3072509765625,0.9311099648475647,22,90,yolov5s
204,634.497314453125,305.1272888183594,1048.3779296875,512.947265625,0.9310681223869324,22,91,yolov5s
205,597.8472900390625,297.4049377441406,1020.725341796875,508.5224609375,0.920590341091156,22,92,yolov5s
206,543.9844360351562,297.3216857910156,967.1347045898438,509.943115234375,0.9150515794754028,22,93,yolov5s
207,513.781494140625,307.3963317871094,921.5875244140625,520.6718139648438,0.9114661812782288,22,94,yolov5s
208,462.35064697265625,307.5869445800781,848.7844848632812,517.0571899414062,0.8533397912979126,22,95,yolov5s
209,374.6323547363281,297.5057678222656,744.2032470703125,495.0137634277344,0.717487633228302,22,96,yolov5s
210,304.4962158203125,286.92010498046875,651.0931396484375,480.91412353515625,0.9313302636146545,22,97,yolov5s
211,309.53155517578125,274.8906555175781,627.8494262695312,444.1793518066406,0.8655065298080444,22,98,yolov5s
212,396.77587890625,250.39010620117188,675.16357421875,391.2648010253906,0.8928218483924866,22,99,yolov5s
213,489.18023681640625,231.70436096191406,700.9102172851562,344.2411193847656,0.7491003274917603,22,100,yolov5s
214,1033.488037109375,0.0,1262.116943359375,349.0950012207031,0.4403080642223358,0,100,yolov5s
215,551.4589233398438,216.3865203857422,724.4955444335938,307.5262756347656,0.9090961813926697,22,101,yolov5s
216,554.1387329101562,188.63572692871094,722.8471069335938,282.5349426269531,0.8730917572975159,22,102,yolov5s
217,52.77777862548828,1.3521347045898438,130.33480834960938,228.8480224609375,0.6199764609336853,23,102,yolov5s
218,537.5722045898438,202.17727661132812,703.6004028320312,295.0350036621094,0.8659777045249939,22,103,yolov5s
219,500.21539306640625,241.04751586914062,666.1050415039062,336.1933288574219,0.8812598586082458,22,104,yolov5s
220,470.05181884765625,276.18731689453125,634.5038452148438,366.00445556640625,0.8827443718910217,22,105,yolov5s
221,447.6498107910156,281.2234802246094,605.4813232421875,372.1471252441406,0.8650821447372437,22,106,yolov5s
222,1214.8302001953125,245.17132568359375,1280.0,380.6510009765625,0.32124006748199463,20,106,yolov5s
223,426.02880859375,277.9031982421875,588.197509765625,368.37109375,0.8964725732803345,22,107,yolov5s
224,412.7940673828125,272.427978515625,577.3063354492188,360.740478515625,0.9106107354164124,22,108,yolov5s
225,1144.5430908203125,230.69747924804688,1279.6778564453125,360.6151428222656,0.3447715640068054,20,108,yolov5s
226,404.8114013671875,281.0584716796875,567.8013305664062,364.70172119140625,0.8977318406105042,22,109,yolov5s
227,400.5476989746094,302.8320617675781,550.1272583007812,383.3605041503906,0.8803355693817139,22,110,yolov5s
228,995.37744140625,254.45989990234375,1280.0,447.6544189453125,0.7904655933380127,20,110,yolov5s
229,707.21630859375,219.9376678466797,794.8958740234375,315.6574401855469,0.29467716813087463,22,110,yolov5s
230,388.178955078125,325.68182373046875,535.6368408203125,405.561279296875,0.8892282247543335,22,111,yolov5s
231,1000.26416015625,296.78839111328125,1266.025634765625,474.94171142578125,0.7850174307823181,20,111,yolov5s
232,1211.263671875,264.45098876953125,1280.0,473.1724853515625,0.3230578601360321,20,111,yolov5s
233,1220.5614013671875,207.0955352783203,1280.0,286.99713134765625,0.28672894835472107,20,111,yolov5s
234,387.407470703125,329.8260192871094,532.6694946289062,408.5366516113281,0.8961843848228455,22,112,yolov5s
235,989.70068359375,304.10791015625,1243.517333984375,475.48583984375,0.8301655650138855,20,112,yolov5s
236,1176.896728515625,275.5819091796875,1280.0,474.7584228515625,0.5615941286087036,20,112,yolov5s
237,1234.7049560546875,304.13604736328125,1279.1444091796875,481.33966064453125,0.3587612211704254,20,112,yolov5s
238,1197.30712890625,221.5029754638672,1280.0,297.4034118652344,0.2843712568283081,20,112,yolov5s
239,405.29962158203125,326.7840270996094,535.0248413085938,402.4189758300781,0.8737039566040039,22,113,yolov5s
240,979.7705078125,296.06640625,1215.112060546875,457.77655029296875,0.8190722465515137,20,113,yolov5s
241,1169.3155517578125,266.44708251953125,1279.9156494140625,460.70489501953125,0.6643063426017761,20,113,yolov5s
242,1177.49072265625,217.01919555664062,1279.545166015625,286.9057922363281,0.25244757533073425,20,113,yolov5s
243,951.5108642578125,285.0890808105469,1160.5206298828125,429.5364074707031,0.7759566903114319,20,114,yolov5s
244,1125.693603515625,246.12136840820312,1279.446044921875,432.3070373535156,0.7092417478561401,20,114,yolov5s
245,431.01727294921875,321.8706970214844,546.678955078125,389.2811584472656,0.5509365200996399,16,114,yolov5s
246,431.78173828125,323.8209533691406,547.8424072265625,387.5077819824219,0.3794437050819397,22,114,yolov5s
247,1132.499755859375,214.3028106689453,1280.0,286.05926513671875,0.3005968928337097,20,114,yolov5s
248,1049.709228515625,250.81771850585938,1196.567138671875,404.1805725097656,0.731715202331543,20,115,yolov5s
249,891.470703125,282.7019348144531,1087.8624267578125,403.2118225097656,0.6537464261054993,20,115,yolov5s
250,1227.1556396484375,246.66061401367188,1280.0,399.4201354980469,0.5175780653953552,20,115,yolov5s
251,1025.4842529296875,244.02993774414062,1141.1380615234375,387.5312194824219,0.8305845260620117,20,116,yolov5s
252,869.5067138671875,273.2654724121094,1058.2762451171875,385.6908264160156,0.8020484447479248,20,116,yolov5s
253,486.8734130859375,314.9176025390625,584.1558837890625,366.5125732421875,0.7897961735725403,22,116,yolov5s
254,1189.598388671875,223.74270629882812,1280.0,378.9095153808594,0.34183335304260254,20,116,yolov5s
255,175.85916137695312,143.46670532226562,221.91458129882812,342.7230529785156,0.2961234748363495,23,116,yolov5s
256,676.3775634765625,254.8531494140625,740.4793701171875,315.77850341796875,0.2506268620491028,22,116,yolov5s
257,869.1319580078125,263.5145568847656,1056.226806640625,379.8226013183594,0.8380475044250488,20,117,yolov5s
258,1024.3714599609375,231.06698608398438,1141.8377685546875,381.1862487792969,0.8289186358451843,20,117,yolov5s
259,491.339599609375,311.52203369140625,584.4005126953125,364.47247314453125,0.7226388454437256,22,117,yolov5s
260,173.9899139404297,141.38238525390625,221.45201110839844,343.07781982421875,0.3973771631717682,23,117,yolov5s
261,1188.24169921875,213.22259521484375,1280.0,372.73590087890625,0.32133445143699646,20,117,yolov5s
262,1017.7340087890625,239.6111297607422,1130.1785888671875,387.55511474609375,0.8655967712402344,20,118,yolov5s
263,878.1809692382812,272.1871032714844,1042.9969482421875,385.7516784667969,0.805465042591095,20,118,yolov5s
264,484.93353271484375,317.28045654296875,577.7531127929688,369.388427734375,0.7884355783462524,22,118,yolov5s
265,156.9013214111328,150.02130126953125,215.59934997558594,348.11968994140625,0.4774385690689087,23,118,yolov5s
266,996.3010864257812,256.65850830078125,1112.383544921875,405.50042724609375,0.855855405330658,20,119,yolov5s
267,837.9710083007812,290.08984375,1025.400390625,405.8809814453125,0.8200545907020569,20,119,yolov5s
268,470.6134948730469,329.12384033203125,561.934326171875,380.896728515625,0.684501588344574,22,119,yolov5s
269,142.3013458251953,158.60330200195312,195.40879821777344,350.3885803222656,0.3128417730331421,23,119,yolov5s
270,984.2271118164062,270.4753112792969,1093.98681640625,416.0715637207031,0.8786963224411011,20,120,yolov5s
271,837.9970092773438,303.5205383300781,1011.6166381835938,414.6813659667969,0.8485612273216248,20,120,yolov5s
272,454.4280700683594,336.3766784667969,526.3294067382812,388.6069641113281,0.523751437664032,22,120,yolov5s
273,455.8275146484375,337.3280029296875,528.5172729492188,387.42572021484375,0.41332128643989563,13,120,yolov5s
274,974.2655029296875,269.66815185546875,1083.8665771484375,415.26434326171875,0.8649446368217468,20,121,yolov5s
275,815.8475952148438,300.5946044921875,1000.9143676757812,413.40594482421875,0.8482120037078857,20,121,yolov5s
276,447.2362060546875,335.9842834472656,527.9010620117188,388.6902770996094,0.6136602759361267,22,121,yolov5s
277,446.0459289550781,335.75799560546875,524.4256591796875,386.52203369140625,0.30445560812950134,13,121,yolov5s
278,955.5205078125,261.7502136230469,1065.175048828125,401.2012634277344,0.8391168713569641,20,122,yolov5s
279,808.8238525390625,291.0171203613281,985.7955322265625,402.0727233886719,0.7960092425346375,20,122,yolov5s
280,425.4545593261719,329.1486511230469,522.8801879882812,379.0575866699219,0.27834516763687134,13,122,yolov5s
281,922.4886474609375,248.38040161132812,1033.876953125,386.5238342285156,0.8377364277839661,20,123,yolov5s
282,785.078857421875,278.27117919921875,949.806640625,383.90753173828125,0.7832412123680115,20,123,yolov5s
283,400.86395263671875,315.7799072265625,505.14495849609375,368.12603759765625,0.5066487789154053,13,123,yolov5s
284,407.35174560546875,314.852783203125,508.19073486328125,368.32421875,0.26935112476348877,17,123,yolov5s
285,892.6222534179688,229.58062744140625,997.8495483398438,367.304931640625,0.8209919333457947,20,124,yolov5s
286,751.2877807617188,255.56478881835938,919.9447631835938,369.0773620605469,0.8047128319740295,20,124,yolov5s
287,1176.1048583984375,157.27597045898438,1280.0,401.8840637207031,0.2997985780239105,19,124,yolov5s
288,372.5576477050781,299.0342712402344,470.8387756347656,352.9992980957031,0.2868613302707672,22,124,yolov5s
289,858.9458618164062,210.47247314453125,963.1419067382812,346.6014404296875,0.7002612948417664,20,125,yolov5s
290,720.242919921875,244.92953491210938,880.044921875,349.8684387207031,0.591850221157074,20,125,yolov5s
291,1145.722412109375,141.7265625,1279.194580078125,393.002197265625,0.26117339730262756,20,125,yolov5s
292,1150.614501953125,141.35989379882812,1279.496337890625,394.9280700683594,0.260599285364151,17,125,yolov5s
293,1105.19189453125,121.94769287109375,1278.9833984375,377.2120361328125,0.6541774272918701,19,126,yolov5s
294,1070.5054931640625,106.24649047851562,1277.4659423828125,347.73004150390625,0.5102772116661072,17,127,yolov5s
295,777.9225463867188,175.0860595703125,884.7611694335938,304.2586669921875,0.338939368724823,20,127,yolov5s
296,732.754150390625,141.8387908935547,835.177490234375,274.5330810546875,0.36388134956359863,20,128,yolov5s
297,675.7896118164062,104.02999877929688,778.4563598632812,239.15731811523438,0.6249245405197144,20,129,yolov5s
298,576.0628662109375,125.88516235351562,698.0328369140625,240.94369506835938,0.5934386253356934,20,129,yolov5s
299,488.8134765625,83.69062805175781,719.505126953125,211.5417938232422,0.5731419324874878,20,130,yolov5s
300,613.4918823242188,73.86669921875,728.2219848632812,209.8038330078125,0.5122470259666443,20,130,yolov5s
301,569.10107421875,57.86390686035156,678.40625,192.1847381591797,0.815598726272583,20,131,yolov5s
302,445.0920715332031,85.98350524902344,598.3961791992188,194.27894592285156,0.7858160734176636,20,131,yolov5s
303,396.41290283203125,82.55928802490234,553.7014770507812,191.9869384765625,0.7831942439079285,20,132,yolov5s
304,526.53125,54.30909729003906,634.700927734375,191.8627166748047,0.7750924229621887,20,132,yolov5s
305,339.14251708984375,81.73580932617188,512.6088256835938,193.04559326171875,0.6676244735717773,20,133,yolov5s
306,476.6327209472656,57.2452392578125,585.4822998046875,192.58953857421875,0.630713164806366,20,133,yolov5s
307,297.6608581542969,68.84677124023438,508.4572448730469,189.88543701171875,0.6004152297973633,20,134,yolov5s
308,416.6346130371094,53.213905334472656,541.0537719726562,190.94268798828125,0.31659653782844543,20,134,yolov5s
309,240.07666015625,47.884925842285156,497.69207763671875,180.88375854492188,0.5814284682273865,20,135,yolov5s
310,222.90536499023438,57.267845153808594,347.8292541503906,158.851806640625,0.2670194208621979,20,136,yolov5s
311,1139.54638671875,90.97544860839844,1182.255126953125,175.2624969482422,0.3100315034389496,0,138,yolov5s
312,1164.4102783203125,120.05752563476562,1199.7254638671875,179.00897216796875,0.250569224357605,0,138,yolov5s
313,770.3048095703125,61.483306884765625,842.414306640625,167.99630737304688,0.2567216157913208,19,139,yolov5s
314,753.4796142578125,50.0821533203125,816.455810546875,147.76177978515625,0.35506656765937805,19,140,yolov5s
315,1023.6137084960938,63.66887664794922,1067.18994140625,132.119140625,0.30682820081710815,0,140,yolov5s
316,583.8284301757812,135.808837890625,655.3394165039062,180.27297973632812,0.33538201451301575,14,142,yolov5s
317,504.26898193359375,1.7951316833496094,654.0845336914062,115.9609375,0.3151240348815918,17,142,yolov5s
318,697.7443237304688,10.106868743896484,772.8029174804688,113.21623229980469,0.30941250920295715,17,142,yolov5s
319,703.3141479492188,8.934757232666016,774.5413208007812,113.239501953125,0.30665454268455505,20,142,yolov5s
320,684.0133056640625,5.106777191162109,737.3709716796875,101.12184143066406,0.262800008058548,20,143,yolov5s
321,425.3362121582031,1.0853347778320312,569.4374389648438,89.79307556152344,0.4180856943130493,20,144,yolov5s
322,566.372314453125,3.4537734985351562,687.647216796875,87.1452865600586,0.2803823947906494,20,144,yolov5s
323,1038.8380126953125,353.23370361328125,1279.3477783203125,669.2245483398438,0.4607689380645752,0,146,yolov5s
324,1007.657958984375,339.472412109375,1279.8154296875,672.414794921875,0.692050576210022,0,147,yolov5s
325,674.6404418945312,475.17041015625,924.0161743164062,676.0,0.33335238695144653,0,147,yolov5s
326,970.7030639648438,321.7900390625,1277.398681640625,673.5226440429688,0.5649706721305847,0,148,yolov5s
327,939.2377319335938,298.40716552734375,1278.8980712890625,673.3734130859375,0.40090271830558777,0,149,yolov5s
328,934.1207275390625,297.19769287109375,1280.0,672.8295288085938,0.31854549050331116,14,149,yolov5s
329,908.2832641601562,279.763427734375,1260.0709228515625,671.9049072265625,0.6530938148498535,0,150,yolov5s
330,869.1925048828125,259.3686828613281,1232.1593017578125,672.1409912109375,0.4131201207637787,0,151,yolov5s
331,537.143798828125,402.206787109375,883.78662109375,676.0,0.28349414467811584,0,151,yolov5s
332,548.9486083984375,380.8921813964844,860.1416015625,676.0,0.5366925597190857,0,152,yolov5s
333,850.520263671875,240.986328125,1198.913330078125,668.9404296875,0.3329344689846039,14,152,yolov5s
334,843.5701904296875,241.93067932128906,1199.4390869140625,671.3380737304688,0.2707797884941101,0,152,yolov5s
335,548.040283203125,218.08840942382812,1181.0196533203125,675.82421875,0.412480890750885,0,153,yolov5s
336,486.18841552734375,364.34832763671875,872.7394409179688,673.0723266601562,0.30265307426452637,0,153,yolov5s
337,434.0531005859375,352.5802307128906,866.4486083984375,671.2274169921875,0.41792401671409607,0,154,yolov5s
338,554.4385986328125,205.45394897460938,1152.7686767578125,676.0,0.35717716813087463,0,154,yolov5s
339,447.7040710449219,341.39154052734375,850.5570068359375,674.4907836914062,0.4773142337799072,0,155,yolov5s
340,569.304931640625,191.37818908691406,1146.8714599609375,676.0,0.36776527762413025,0,155,yolov5s
341,440.2381591796875,328.301025390625,837.425048828125,673.765380859375,0.6239010691642761,0,156,yolov5s
342,725.1015625,191.45611572265625,1100.1866455078125,673.3806762695312,0.5150173306465149,0,156,yolov5s
343,713.5384521484375,181.9883270263672,1082.3843994140625,674.3101806640625,0.5850035548210144,0,157,yolov5s
344,443.16778564453125,317.5767822265625,860.5726928710938,673.8347778320312,0.4899183213710785,0,157,yolov5s
345,654.526611328125,172.81021118164062,1062.6328125,676.0,0.7023524045944214,0,158,yolov5s
346,448.2030029296875,305.1587829589844,872.8477783203125,673.74658203125,0.49973928928375244,0,158,yolov5s
347,582.4993896484375,159.03463745117188,1046.9251708984375,675.3197021484375,0.6345428824424744,0,159,yolov5s
348,430.34515380859375,293.8898620605469,773.1957397460938,675.4310302734375,0.581102192401886,0,159,yolov5s
349,542.5755004882812,152.29104614257812,1037.335693359375,676.0,0.7477531433105469,0,160,yolov5s
350,426.95489501953125,286.39208984375,772.4441528320312,674.0418701171875,0.6139917969703674,0,160,yolov5s
351,571.7449340820312,139.83316040039062,1030.8551025390625,674.7752685546875,0.6852630972862244,0,161,yolov5s
352,425.7685546875,281.60162353515625,771.2294921875,673.8146362304688,0.6229463815689087,0,161,yolov5s
353,520.2940063476562,135.81500244140625,1028.32373046875,676.0,0.7425851821899414,0,162,yolov5s
354,426.09967041015625,278.8537902832031,753.3671264648438,673.3751220703125,0.6405797600746155,0,162,yolov5s
355,615.0746459960938,466.896484375,651.5548706054688,514.1011352539062,0.250681608915329,67,162,yolov5s
356,517.3648071289062,134.11285400390625,1032.08154296875,676.0,0.8173102140426636,0,163,yolov5s
357,424.85223388671875,282.8869934082031,756.1715698242188,673.4383544921875,0.6131042838096619,0,163,yolov5s
358,532.036865234375,134.27835083007812,1036.2086181640625,676.0,0.8209401369094849,0,164,yolov5s
359,426.75189208984375,284.095947265625,748.4496459960938,672.71484375,0.6025041341781616,0,164,yolov5s
360,530.6769409179688,136.24618530273438,1040.818359375,676.0,0.8538979291915894,0,165,yolov5s
361,425.6519775390625,281.0777587890625,753.1160888671875,671.235107421875,0.657672107219696,0,165,yolov5s
362,549.2050170898438,130.24169921875,1053.9471435546875,675.27587890625,0.8782667517662048,0,166,yolov5s
363,430.93658447265625,276.9809265136719,736.3803100585938,671.6025390625,0.6544299721717834,0,166,yolov5s
364,570.8966064453125,123.73422241210938,1063.62060546875,676.0,0.8906816244125366,0,167,yolov5s
365,434.56878662109375,272.63262939453125,719.5034790039062,671.7080688476562,0.7703325748443604,0,167,yolov5s
366,581.2528076171875,121.74676513671875,1072.8785400390625,675.8554077148438,0.8792624473571777,0,168,yolov5s
367,436.433837890625,267.5422668457031,712.4598388671875,670.777587890625,0.7811009287834167,0,168,yolov5s
368,577.993896484375,118.04812622070312,1076.1265869140625,676.0,0.8920562863349915,0,169,yolov5s
369,434.8690490722656,264.5687255859375,712.0697021484375,671.6324462890625,0.7693294286727905,0,169,yolov5s
370,575.7034301757812,117.12753295898438,1074.59912109375,676.0,0.8844761252403259,0,170,yolov5s
371,427.73468017578125,265.071533203125,712.0808715820312,673.6370239257812,0.7524504065513611,0,170,yolov5s
372,574.84375,116.43798828125,1069.4879150390625,676.0,0.8970351219177246,0,171,yolov5s
373,419.66558837890625,263.91802978515625,706.3587036132812,673.3938598632812,0.7141188383102417,0,171,yolov5s
374,572.1249389648438,116.32278442382812,1072.5616455078125,676.0,0.8788373470306396,0,172,yolov5s
375,423.69366455078125,265.21075439453125,713.7969360351562,673.0487060546875,0.7243704795837402,0,172,yolov5s
376,566.9183959960938,119.51934814453125,1073.763427734375,676.0,0.8533132076263428,0,173,yolov5s
377,425.4754638671875,263.94000244140625,736.7177734375,675.535888671875,0.6752450466156006,0,173,yolov5s
378,523.5003662109375,120.64407348632812,1071.78076171875,673.9976806640625,0.8429350256919861,0,174,yolov5s
379,423.51788330078125,267.08441162109375,732.2876586914062,674.7120971679688,0.6710191369056702,0,174,yolov5s
380,536.510498046875,124.50140380859375,1066.3194580078125,676.0,0.845410168170929,0,175,yolov5s
381,426.92242431640625,272.0111083984375,715.8837280273438,673.3773803710938,0.7218755483627319,0,175,yolov5s
382,540.18505859375,127.52590942382812,1056.732421875,674.489990234375,0.8618435263633728,0,176,yolov5s
383,428.2489013671875,273.27435302734375,712.6451416015625,670.7551879882812,0.6993778944015503,0,176,yolov5s
384,541.1181030273438,127.885009765625,1055.375244140625,674.829345703125,0.8024140000343323,0,177,yolov5s
385,423.0248718261719,276.65057373046875,702.084228515625,673.5061645507812,0.7494831681251526,0,177,yolov5s
386,523.6634521484375,129.94671630859375,1061.3448486328125,675.6361083984375,0.841035008430481,0,178,yolov5s
387,427.6027526855469,276.5830078125,706.3682861328125,673.691162109375,0.7177078127861023,0,178,yolov5s
388,533.1251220703125,128.81088256835938,1060.927001953125,676.0,0.8583258390426636,0,179,yolov5s
389,427.6522216796875,274.87591552734375,708.3223876953125,675.0449829101562,0.6988471746444702,0,179,yolov5s
390,539.9337158203125,124.047119140625,1067.2060546875,676.0,0.859533429145813,0,180,yolov5s
391,435.0787658691406,274.90234375,707.0428466796875,672.3424072265625,0.6695258021354675,0,180,yolov5s
392,514.56884765625,127.570556640625,1074.1492919921875,676.0,0.8155832290649414,0,181,yolov5s
393,426.2574157714844,278.20068359375,722.5958251953125,670.9866943359375,0.6932131052017212,0,181,yolov5s
394,540.7759399414062,131.47213745117188,1073.450439453125,676.0,0.8558343052864075,0,182,yolov5s
395,436.593505859375,280.69970703125,727.6845703125,667.5003051757812,0.5596510767936707,0,182,yolov5s
396,531.2003173828125,133.78814697265625,1082.207275390625,676.0,0.8469553589820862,0,183,yolov5s
397,433.4966735839844,284.4200439453125,729.7420654296875,667.57666015625,0.5485756993293762,0,183,yolov5s
398,524.141357421875,131.403564453125,1083.69580078125,676.0,0.6437481641769409,0,184,yolov5s
399,434.361328125,287.6317138671875,738.11279296875,672.01025390625,0.6415964365005493,0,184,yolov5s
400,432.3380126953125,286.30145263671875,734.09375,671.132568359375,0.6353174448013306,0,185,yolov5s
401,523.4044189453125,131.45687866210938,1092.7630615234375,676.0,0.6261193156242371,0,185,yolov5s
402,436.677001953125,285.5935363769531,743.528564453125,673.1240234375,0.6817956566810608,0,186,yolov5s
403,634.2047119140625,131.05874633789062,1089.72802734375,676.0,0.6513643860816956,0,186,yolov5s
404,432.86212158203125,281.657470703125,741.9885864257812,674.3606567382812,0.7282010912895203,0,187,yolov5s
405,654.4765625,131.22842407226562,1090.62451171875,676.0,0.6649733781814575,0,187,yolov5s
406,556.8052368164062,129.3114013671875,1096.48681640625,676.0,0.8409172296524048,0,188,yolov5s
407,486.8894958496094,279.7777099609375,719.949462890625,664.0081787109375,0.6602634787559509,0,188,yolov5s
408,564.6199340820312,129.51361083984375,1102.191162109375,676.0,0.8474814891815186,0,189,yolov5s
409,484.1094970703125,283.1907043457031,718.409912109375,665.3623046875,0.7212382555007935,0,189,yolov5s
410,570.880615234375,134.60391235351562,1099.2967529296875,675.7418212890625,0.8774805665016174,0,190,yolov5s
411,484.9079895019531,285.7691650390625,718.7042236328125,663.0664672851562,0.7296792268753052,0,190,yolov5s
412,576.397216796875,133.99868774414062,1108.5115966796875,675.7344970703125,0.8717834949493408,0,191,yolov5s
413,487.0736389160156,287.478271484375,724.6510009765625,666.3123779296875,0.7951261401176453,0,191,yolov5s
414,581.7428588867188,132.45574951171875,1115.343017578125,675.8697509765625,0.9007051587104797,0,192,yolov5s
415,497.3318786621094,290.2431640625,735.7083740234375,665.55322265625,0.7752182483673096,0,192,yolov5s
416,570.6915283203125,129.36972045898438,1121.277587890625,676.0,0.8797281384468079,0,193,yolov5s
417,504.4079895019531,288.719482421875,741.0301513671875,662.9500122070312,0.6738337874412537,0,193,yolov5s
418,590.1272583007812,124.59310913085938,1120.805419921875,676.0,0.8111876249313354,0,194,yolov5s
419,507.6845397949219,285.259033203125,761.7752075195312,672.5380859375,0.7114569544792175,0,194,yolov5s
420,652.20361328125,121.71493530273438,1128.0780029296875,676.0,0.7074594497680664,0,195,yolov5s
421,511.1024475097656,284.03662109375,758.4129028320312,667.6082153320312,0.5747622847557068,0,195,yolov5s
422,680.356201171875,121.82205200195312,1138.422607421875,674.4716796875,0.6300877928733826,0,196,yolov5s
423,512.0573120117188,284.1259765625,789.6580200195312,669.7477416992188,0.44323185086250305,0,196,yolov5s
424,687.9559936523438,122.86239624023438,1144.1849365234375,675.43408203125,0.6692490577697754,0,197,yolov5s
425,515.3176879882812,286.76556396484375,782.9595336914062,669.637939453125,0.45560577511787415,0,197,yolov5s
426,673.530029296875,127.08392333984375,1149.3466796875,675.3554077148438,0.7187026143074036,0,198,yolov5s
427,516.7412719726562,287.7131042480469,786.0861206054688,667.135009765625,0.503167450428009,0,198,yolov5s
428,656.4793701171875,384.528076171875,742.4476318359375,501.75830078125,0.3522782027721405,67,198,yolov5s
429,690.0166625976562,133.32659912109375,1155.7373046875,674.5567016601562,0.7205582857131958,0,199,yolov5s
430,526.2091064453125,300.1551513671875,792.8402099609375,669.1954345703125,0.3444844186306,0,199,yolov5s
431,659.9512939453125,139.9241943359375,1168.9188232421875,676.0,0.6759547591209412,0,200,yolov5s
432,532.20849609375,298.2010498046875,791.853515625,667.0819091796875,0.3111834228038788,0,200,yolov5s
433,708.9417114257812,145.77313232421875,1183.234130859375,674.9252319335938,0.8067125678062439,0,201,yolov5s
434,540.4954833984375,304.14105224609375,879.2900390625,666.438232421875,0.3917226493358612,0,201,yolov5s
435,731.0587158203125,148.52508544921875,1189.5599365234375,673.2758178710938,0.7902125120162964,0,202,yolov5s
436,553.8016357421875,303.245361328125,823.917724609375,668.2872314453125,0.43387067317962646,0,202,yolov5s
437,690.8124389648438,395.6706237792969,779.6997680664062,502.2764892578125,0.2584840655326843,67,202,yolov5s
438,712.6155395507812,147.24444580078125,1208.236083984375,674.6349487304688,0.7815396785736084,0,203,yolov5s
439,565.2581176757812,301.7182922363281,838.8042602539062,667.0025634765625,0.42182424664497375,0,203,yolov5s
440,698.8231201171875,394.7779541015625,795.11962890625,499.65301513671875,0.30865925550460815,67,203,yolov5s
441,780.831787109375,158.06973266601562,1241.966552734375,671.49609375,0.5248928666114807,0,204,yolov5s
442,573.6807250976562,314.93377685546875,938.5925903320312,667.4891967773438,0.4990946650505066,0,204,yolov5s
443,823.6377563476562,170.83351135253906,1273.1484375,671.7355346679688,0.7546391487121582,0,205,yolov5s
444,595.899169921875,327.01947021484375,894.2608642578125,669.4244995117188,0.723166823387146,0,205,yolov5s
445,615.7200927734375,345.00042724609375,929.39794921875,670.5890502929688,0.6730226874351501,0,206,yolov5s
446,942.9622802734375,189.38462829589844,1275.9498291015625,663.821533203125,0.6663143038749695,0,206,yolov5s
447,954.116943359375,214.71348571777344,1280.0,670.2744750976562,0.7601955533027649,0,207,yolov5s
448,630.1140747070312,365.45806884765625,978.8158569335938,671.5181274414062,0.5195556879043579,0,207,yolov5s
449,1022.831298828125,246.93804931640625,1278.727294921875,669.7737426757812,0.8135802745819092,0,208,yolov5s
450,680.272705078125,390.41241455078125,1022.46630859375,676.0,0.6459011435508728,0,208,yolov5s
451,1086.0670166015625,279.47979736328125,1278.1824951171875,665.1149291992188,0.6553316712379456,0,209,yolov5s
452,741.5264892578125,424.99603271484375,1095.3358154296875,675.8800659179688,0.519159197807312,0,209,yolov5s
453,1150.0321044921875,336.66448974609375,1279.3834228515625,671.4258422851562,0.7319872379302979,0,210,yolov5s
454,788.0166015625,464.1356201171875,1142.92236328125,676.0,0.5489776730537415,0,210,yolov5s
455,468.2154541015625,43.3818359375,709.071044921875,290.7382507324219,0.36606264114379883,20,216,yolov5s
456,578.9266357421875,135.62808227539062,738.2900390625,245.05032348632812,0.7423064112663269,20,219,yolov5s
457,704.693115234375,89.01251220703125,813.5113525390625,237.75030517578125,0.5721632242202759,20,219,yolov5s
458,724.5123291015625,117.05581665039062,823.09423828125,259.5722351074219,0.7675921320915222,20,220,yolov5s
459,603.0841064453125,153.6718292236328,753.357666015625,263.38250732421875,0.7484581470489502,20,220,yolov5s
460,984.8279418945312,81.14716339111328,1048.7274169921875,279.5678405761719,0.5013532638549805,23,220,yolov5s
461,1024.5343017578125,31.6082763671875,1160.2281494140625,280.3741455078125,0.4469209313392639,23,220,yolov5s
462,1033.2864990234375,45.003387451171875,1176.0467529296875,299.0346374511719,0.6974658966064453,23,221,yolov5s
463,620.0775146484375,173.4674835205078,762.2354736328125,280.9012145996094,0.6905160546302795,20,221,yolov5s
464,733.0079345703125,126.26676940917969,837.0263671875,279.45751953125,0.6139000058174133,20,221,yolov5s
465,990.76806640625,85.25948333740234,1061.42626953125,298.41168212890625,0.4744075536727905,23,221,yolov5s
466,1185.1563720703125,93.69170379638672,1280.0,284.9203186035156,0.3073003590106964,23,221,yolov5s
467,638.4329223632812,190.6048583984375,780.6555786132812,304.44927978515625,0.5815811157226562,20,222,yolov5s
468,1057.020751953125,76.54573822021484,1189.477783203125,325.7701721191406,0.5432636141777039,23,222,yolov5s
469,1013.426025390625,95.69662475585938,1080.873046875,327.8435974121094,0.5253198742866516,23,222,yolov5s
470,750.0657348632812,159.94094848632812,854.6305541992188,300.2157897949219,0.45882129669189453,20,222,yolov5s
471,650.7132568359375,220.41949462890625,793.676513671875,328.11749267578125,0.8118922710418701,20,223,yolov5s
472,764.5634155273438,183.38717651367188,869.1565551757812,323.8973693847656,0.746223509311676,20,223,yolov5s
473,1064.5487060546875,96.15158081054688,1214.8673095703125,354.6014099121094,0.6349945068359375,23,223,yolov5s
474,1027.4102783203125,140.63926696777344,1100.6614990234375,352.97576904296875,0.45711037516593933,23,223,yolov5s
475,666.3865966796875,235.90321350097656,810.1044921875,344.37420654296875,0.7124962210655212,20,224,yolov5s
476,1047.6829833984375,144.53890991210938,1119.0345458984375,370.0223693847656,0.7061780095100403,23,224,yolov5s
477,782.8172607421875,196.96641540527344,887.01318359375,340.9366455078125,0.6719170808792114,20,224,yolov5s
478,1085.8822021484375,117.63584899902344,1238.6392822265625,372.5908203125,0.6545067429542542,23,224,yolov5s
479,1097.9366455078125,129.5157012939453,1265.6041259765625,390.03173828125,0.5589067339897156,17,225,yolov5s
480,1096.240966796875,124.41973876953125,1263.158203125,388.95123291015625,0.5335515737533569,23,225,yolov5s
481,797.2918701171875,212.85450744628906,903.3594970703125,349.96826171875,0.4398399293422699,20,225,yolov5s
482,669.9124755859375,246.79641723632812,836.1304931640625,355.6717834472656,0.4390672445297241,20,225,yolov5s
483,1067.923095703125,174.02622985839844,1131.888916015625,385.27886962890625,0.3426467478275299,23,225,yolov5s
484,1079.690673828125,178.7550048828125,1152.67578125,402.820556640625,0.6569678783416748,23,226,yolov5s
485,811.2765502929688,226.16665649414062,918.7105102539062,371.8893127441406,0.6210752129554749,20,226,yolov5s
486,690.0096435546875,257.21478271484375,845.56005859375,372.825439453125,0.5991499423980713,20,226,yolov5s
487,1119.392333984375,146.82688903808594,1279.622314453125,409.7235107421875,0.5832103490829468,17,226,yolov5s
488,1117.8414306640625,150.71963500976562,1277.2532958984375,407.0138854980469,0.4379185140132904,23,226,yolov5s
489,0.196319580078125,499.9908447265625,40.08075714111328,666.9324951171875,0.4191875755786896,0,226,yolov5s
490,706.084228515625,283.1159973144531,858.3824462890625,391.0325622558594,0.783944308757782,20,227,yolov5s
491,829.0958862304688,248.82083129882812,935.5679321289062,389.5187683105469,0.747810959815979,20,227,yolov5s
492,1109.083251953125,212.09201049804688,1176.578125,421.4126892089844,0.5876315236091614,23,227,yolov5s
493,0.17189407348632812,497.5665283203125,61.79977035522461,672.376953125,0.45737892389297485,0,227,yolov5s
494,1145.476318359375,166.0224151611328,1279.158935546875,432.55511474609375,0.45669806003570557,17,227,yolov5s
495,489.39837646484375,344.9744567871094,569.8869018554688,401.4703674316406,0.39841169118881226,22,227,yolov5s
496,1137.1795654296875,170.5408477783203,1278.8931884765625,431.53961181640625,0.3228919804096222,23,227,yolov5s
497,502.00848388671875,361.5224609375,579.5267944335938,415.29962158203125,0.7887671589851379,22,228,yolov5s
498,720.522216796875,297.5174255371094,873.2225341796875,407.2601013183594,0.7366208434104919,20,228,yolov5s
499,846.2694702148438,256.8410339355469,953.7643432617188,407.2049255371094,0.7027976512908936,20,228,yolov5s
500,1162.95361328125,179.7295684814453,1280.0,446.1290283203125,0.5729818344116211,23,228,yolov5s
501,1118.8829345703125,207.22808837890625,1190.1229248046875,445.840576171875,0.4631252586841583,23,228,yolov5s
502,0.25855255126953125,526.8186645507812,65.9207992553711,674.6499633789062,0.3772823214530945,0,228,yolov5s
503,0.3323249816894531,223.3311767578125,33.378170013427734,378.934326171875,0.34007853269577026,23,228,yolov5s
504,520.2279052734375,289.86566162109375,585.65185546875,359.56024169921875,0.2600785791873932,22,228,yolov5s
505,508.42376708984375,369.2337646484375,588.0239868164062,422.2288818359375,0.7991982102394104,22,229,yolov5s
506,848.8936157226562,280.25067138671875,954.5097045898438,414.9501953125,0.7409121990203857,20,229,yolov5s
507,711.5911254882812,307.3359069824219,882.7122192382812,417.4776306152344,0.7354252338409424,20,229,yolov5s
508,1137.66455078125,243.88446044921875,1198.80810546875,455.201171875,0.7109443545341492,23,229,yolov5s
509,0.09461784362792969,534.8014526367188,62.531455993652344,673.0264282226562,0.6480838656425476,0,229,yolov5s
510,1182.542236328125,199.3853302001953,1279.6318359375,459.58203125,0.5814231038093567,23,229,yolov5s
511,519.6415405273438,300.2637634277344,565.9806518554688,356.8074645996094,0.37442758679389954,22,229,yolov5s
512,853.7716674804688,253.31399536132812,949.1724243164062,302.5517272949219,0.2748081088066101,20,229,yolov5s
513,716.9822998046875,313.83734130859375,881.9931640625,422.8345947265625,0.7672070860862732,20,230,yolov5s
514,508.6093444824219,371.0843505859375,590.6009521484375,425.43280029296875,0.7627949118614197,22,230,yolov5s
515,856.3009033203125,283.382568359375,954.67724609375,419.5679931640625,0.7458478808403015,20,230,yolov5s
516,1185.142333984375,205.43701171875,1280.0,465.38739013671875,0.7405644059181213,23,230,yolov5s
517,1133.6854248046875,219.77432250976562,1202.0067138671875,464.5783386230469,0.7344536781311035,23,230,yolov5s
518,0.0,535.5759887695312,59.08544921875,673.5223999023438,0.6505666971206665,0,230,yolov5s
519,522.8833618164062,304.98211669921875,588.7112426757812,357.0113525390625,0.3215981423854828,22,230,yolov5s
520,512.8280639648438,372.5063781738281,591.9296264648438,423.7428894042969,0.7912667989730835,22,231,yolov5s
521,708.4522094726562,314.2760314941406,884.3369750976562,423.7091979980469,0.7852618098258972,20,231,yolov5s
522,857.1451416015625,285.55206298828125,956.3370361328125,420.895751953125,0.7724533081054688,20,231,yolov5s
523,1181.2755126953125,207.7267303466797,1280.0,470.04046630859375,0.7466328144073486,23,231,yolov5s
524,1138.2432861328125,226.25558471679688,1208.0474853515625,468.5219421386719,0.7436714768409729,23,231,yolov5s
525,1.0248355865478516,179.1105499267578,43.113365173339844,380.8778076171875,0.5234500169754028,23,231,yolov5s
526,0.0,538.696044921875,56.90800476074219,673.3060302734375,0.521682620048523,0,231,yolov5s
527,522.861328125,305.279296875,590.146240234375,359.2967529296875,0.3317752480506897,22,231,yolov5s
528,574.5746459960938,309.94476318359375,616.9623413085938,393.6583251953125,0.26373499631881714,22,231,yolov5s
529,1144.447998046875,227.72239685058594,1211.723388671875,465.73944091796875,0.8140719532966614,23,232,yolov5s
530,515.9171142578125,369.4116516113281,594.7132568359375,420.0992736816406,0.7829356789588928,22,232,yolov5s
531,1197.9500732421875,217.1673583984375,1280.0,471.90753173828125,0.7504766583442688,23,232,yolov5s
532,715.7025146484375,313.760009765625,888.6837158203125,423.156982421875,0.7486763596534729,20,232,yolov5s
533,0.28660011291503906,538.1287231445312,56.35529327392578,673.7811889648438,0.726635754108429,0,232,yolov5s
534,857.12158203125,285.2029113769531,962.2930908203125,420.4201965332031,0.7005894184112549,20,232,yolov5s
535,524.9056396484375,300.1528625488281,591.635986328125,355.7495422363281,0.4336208999156952,22,232,yolov5s
536,0.6216888427734375,177.98672485351562,47.894134521484375,374.1346130371094,0.2628310024738312,23,232,yolov5s
537,1145.3160400390625,224.80242919921875,1216.1988525390625,463.43426513671875,0.8078394532203674,23,233,yolov5s
538,518.2750244140625,365.55322265625,600.1370849609375,416.4739990234375,0.7742796540260315,22,233,yolov5s
539,1196.134765625,203.9736785888672,1279.93701171875,462.742919921875,0.7513228058815002,23,233,yolov5s
540,858.4927978515625,281.7491455078125,965.1053466796875,417.20123291015625,0.7296903729438782,20,233,yolov5s
541,713.458740234375,310.4924011230469,886.849609375,419.1883850097656,0.7277823686599731,20,233,yolov5s
542,0.1299571990966797,537.53515625,54.113426208496094,674.353515625,0.6378080248832703,0,233,yolov5s
543,0.7667331695556641,171.3507080078125,54.08289337158203,372.33709716796875,0.5508405566215515,23,233,yolov5s
544,529.3609619140625,296.17242431640625,595.4683837890625,351.78643798828125,0.3907794952392578,22,233,yolov5s
545,858.1116943359375,275.4909362792969,970.9141845703125,412.0234680175781,0.7894737720489502,20,234,yolov5s
546,516.876708984375,356.14776611328125,605.840576171875,411.22564697265625,0.7610476613044739,22,234,yolov5s
547,713.146728515625,302.3971862792969,891.5081787109375,412.8207092285156,0.7557075023651123,20,234,yolov5s
548,1154.2735595703125,217.30230712890625,1228.0032958984375,461.54901123046875,0.6755610704421997,23,234,yolov5s
549,1197.1380615234375,204.5252685546875,1279.4754638671875,456.75,0.5738391876220703,23,234,yolov5s
550,528.1681518554688,284.9160461425781,598.3834838867188,346.1504211425781,0.35074517130851746,22,234,yolov5s
551,866.798828125,248.45452880859375,969.6717529296875,293.8758544921875,0.3405497074127197,20,234,yolov5s
552,870.3751220703125,260.6192321777344,984.2440185546875,405.0666198730469,0.80129474401474,20,235,yolov5s
553,511.86419677734375,347.6755065917969,608.2250366210938,404.3730773925781,0.7854398488998413,22,235,yolov5s
554,715.8526611328125,292.2034912109375,901.7337646484375,404.195068359375,0.703697144985199,20,235,yolov5s
555,521.2603149414062,275.8367919921875,585.2965698242188,339.2432861328125,0.4536137282848358,22,235,yolov5s
556,875.8899536132812,237.74301147460938,967.6813354492188,281.2229309082031,0.2659498155117035,20,235,yolov5s
557,506.7322692871094,341.9127197265625,607.2930908203125,402.84930419921875,0.8030616641044617,22,236,yolov5s
558,884.3021240234375,250.92877197265625,1000.55419921875,403.40582275390625,0.7184941172599792,20,236,yolov5s
559,733.1997680664062,279.3976745605469,915.2997436523438,403.9386901855469,0.5979994535446167,20,236,yolov5s
560,514.3890991210938,265.295166015625,587.3757934570312,326.46343994140625,0.39683258533477783,22,236,yolov5s
561,497.58807373046875,342.6827392578125,597.3414916992188,410.4599609375,0.8470065593719482,22,237,yolov5s
562,888.7994384765625,243.32266235351562,1026.3250732421875,410.4638366699219,0.823917031288147,20,237,yolov5s
563,733.4095458984375,275.2999572753906,935.84814453125,412.5580139160156,0.7495142817497253,20,237,yolov5s
564,497.96966552734375,263.4596252441406,543.5812377929688,330.7139587402344,0.30007684230804443,22,237,yolov5s
565,483.54864501953125,348.5492858886719,591.1227416992188,420.5488586425781,0.8030534386634827,22,238,yolov5s
566,908.9392700195312,241.61029052734375,1052.5919189453125,420.54217529296875,0.801978588104248,20,238,yolov5s
567,746.0575561523438,274.537841796875,951.9561157226562,420.50823974609375,0.6449626684188843,20,238,yolov5s
568,573.7418212890625,349.3763427734375,620.08740234375,387.90203857421875,0.2591796815395355,22,238,yolov5s
569,468.57147216796875,360.5788879394531,586.8701782226562,433.5954895019531,0.804798424243927,22,239,yolov5s
570,913.410888671875,240.90267944335938,1092.735595703125,435.9560852050781,0.7681716680526733,20,239,yolov5s
571,731.6962890625,276.38726806640625,989.6893310546875,437.74755859375,0.4777158200740814,20,239,yolov5s
572,568.7765502929688,361.6800842285156,616.4801635742188,402.6322937011719,0.3587941527366638,22,239,yolov5s
573,1166.1331787109375,216.8668212890625,1279.9368896484375,421.34326171875,0.3137771785259247,20,239,yolov5s
574,476.14727783203125,255.393798828125,563.0339965820312,328.64044189453125,0.29779523611068726,22,239,yolov5s
575,456.451171875,363.456298828125,591.286865234375,452.3702392578125,0.8461378216743469,22,240,yolov5s
576,936.9378662109375,241.30833435058594,1139.0704345703125,451.705322265625,0.702488362789154,20,240,yolov5s
577,443.9402770996094,255.03988647460938,535.64794921875,336.8757019042969,0.44005218148231506,22,240,yolov5s
578,734.9382934570312,283.31427001953125,1015.7240600585938,453.08056640625,0.27458781003952026,20,240,yolov5s
579,452.20196533203125,376.24359130859375,610.7177124023438,472.43157958984375,0.8541842103004456,22,241,yolov5s
580,981.2460327148438,245.062744140625,1172.7296142578125,471.19659423828125,0.7820900678634644,20,241,yolov5s
581,782.5126953125,286.8609313964844,1040.976318359375,474.2752380371094,0.4125622510910034,20,241,yolov5s
582,455.21368408203125,388.0998229980469,584.7444458007812,486.4101867675781,0.8089528679847717,22,242,yolov5s
583,1008.6032104492188,242.88848876953125,1220.859375,481.03387451171875,0.7097523212432861,20,242,yolov5s
584,804.91064453125,286.89971923828125,1083.1514892578125,485.84698486328125,0.46620669960975647,20,242,yolov5s
585,466.820556640625,396.2885437011719,607.49853515625,500.088134765625,0.7874568104743958,22,243,yolov5s
586,1043.283935546875,237.65786743164062,1276.990234375,495.9532775878906,0.5719961524009705,20,243,yolov5s
587,841.3779296875,288.59014892578125,1125.1019287109375,495.0394287109375,0.4411947727203369,20,243,yolov5s
588,484.0694580078125,395.0491638183594,624.8717041015625,502.03277587890625,0.8213677406311035,22,244,yolov5s
589,864.0538940429688,287.8368225097656,1162.127197265625,493.8532409667969,0.2813684046268463,20,244,yolov5s
590,501.46649169921875,394.0724182128906,701.0615844726562,496.7966003417969,0.8341254591941833,22,245,yolov5s
591,456.5301818847656,240.26031494140625,599.0264892578125,359.24053955078125,0.28020158410072327,22,245,yolov5s
592,526.2581176757812,382.0478820800781,730.3303833007812,487.4924011230469,0.8482142090797424,22,246,yolov5s
593,543.92041015625,379.2533264160156,752.6112060546875,484.3574523925781,0.7417141795158386,22,247,yolov5s
594,558.0720825195312,377.5255126953125,778.9328002929688,492.7349853515625,0.8473174571990967,22,248,yolov5s
595,563.5714111328125,379.78558349609375,804.7772216796875,500.9432373046875,0.8995816111564636,22,249,yolov5s
596,560.7584228515625,385.6016845703125,815.970703125,512.301025390625,0.8935745358467102,22,250,yolov5s
597,558.2719116210938,396.42120361328125,824.6686401367188,533.845947265625,0.8928890824317932,22,251,yolov5s
598,548.493896484375,403.96417236328125,838.36962890625,551.182373046875,0.9129000306129456,22,252,yolov5s
599,548.8677978515625,416.03759765625,833.7471923828125,565.2242431640625,0.9164450168609619,22,253,yolov5s
600,542.4819946289062,421.3265686035156,836.5330200195312,574.8086547851562,0.9128422141075134,22,254,yolov5s
601,529.2567138671875,422.18780517578125,832.294677734375,581.4645385742188,0.9264688491821289,22,255,yolov5s
602,514.0455322265625,422.10845947265625,822.544189453125,583.9689331054688,0.933165967464447,22,256,yolov5s
603,491.12322998046875,426.9317626953125,803.6965942382812,589.9676513671875,0.9257828593254089,22,257,yolov5s
604,469.6551513671875,432.241943359375,790.1156005859375,605.6268310546875,0.9236241579055786,22,258,yolov5s
605,458.2890319824219,441.423583984375,786.7921142578125,615.5850830078125,0.9167985320091248,22,259,yolov5s
606,456.22210693359375,440.7879943847656,794.5233764648438,617.3504028320312,0.9198299050331116,22,260,yolov5s
607,455.88037109375,435.3861999511719,803.422119140625,615.2396240234375,0.9195166826248169,22,261,yolov5s
608,452.72186279296875,433.9810485839844,803.8993530273438,616.528564453125,0.9266663789749146,22,262,yolov5s
609,451.9893798828125,431.9749755859375,815.150634765625,613.2685546875,0.9215254783630371,22,263,yolov5s
610,447.749755859375,430.342529296875,825.482421875,617.260498046875,0.9247283935546875,22,264,yolov5s
611,431.85137939453125,431.31842041015625,832.4622192382812,620.8184204101562,0.917452871799469,22,265,yolov5s
612,1065.2044677734375,229.3298797607422,1278.8507080078125,495.772705078125,0.2940937578678131,19,265,yolov5s
613,429.17254638671875,432.3377685546875,832.5840454101562,632.2578125,0.9247372150421143,22,266,yolov5s
614,406.02886962890625,429.84027099609375,835.1326293945312,635.0194702148438,0.9230513572692871,22,267,yolov5s
615,1069.1658935546875,219.30096435546875,1278.7664794921875,507.441162109375,0.2888074815273285,19,267,yolov5s
616,407.1087646484375,427.9006652832031,835.6214599609375,639.2513427734375,0.9299449324607849,22,268,yolov5s
617,1065.11767578125,209.41207885742188,1279.087890625,513.964599609375,0.5043692588806152,19,268,yolov5s
618,407.5025329589844,430.2033996582031,839.8143310546875,643.8319702148438,0.9295310378074646,22,269,yolov5s
619,1062.33544921875,210.33953857421875,1278.728759765625,501.17755126953125,0.4229970872402191,19,269,yolov5s
620,428.0205993652344,426.9622802734375,841.0185546875,639.8714599609375,0.9307519197463989,22,270,yolov5s
621,1058.950439453125,208.93186950683594,1279.234619140625,508.21771240234375,0.5205886960029602,19,270,yolov5s
622,439.89031982421875,419.8722229003906,848.3615112304688,627.159423828125,0.9339796900749207,22,271,yolov5s
623,1056.3900146484375,197.0513153076172,1278.4415283203125,481.63116455078125,0.2582351565361023,19,271,yolov5s
624,445.90374755859375,401.0259704589844,846.8472290039062,611.9462890625,0.923519492149353,22,272,yolov5s
625,1049.169921875,180.21588134765625,1278.872802734375,491.38189697265625,0.27392706274986267,19,272,yolov5s
626,456.2196044921875,390.2832946777344,857.45556640625,601.66357421875,0.9397403597831726,22,273,yolov5s
627,464.991943359375,380.4308776855469,865.3135986328125,594.7393798828125,0.9464921951293945,22,274,yolov5s
628,465.56011962890625,367.07635498046875,869.6072387695312,585.67822265625,0.9387005567550659,22,275,yolov5s
629,459.78533935546875,362.2588195800781,870.2869262695312,582.1521606445312,0.9308958053588867,22,276,yolov5s
630,1050.6260986328125,134.4837188720703,1278.2337646484375,437.2386474609375,0.3270033299922943,19,276,yolov5s
631,467.0167236328125,368.63409423828125,879.5244140625,588.5726928710938,0.9252499938011169,22,277,yolov5s
632,459.6084289550781,385.99090576171875,874.671875,603.1102294921875,0.926087498664856,22,278,yolov5s
633,450.64910888671875,396.9439392089844,865.0077514648438,617.832275390625,0.9258754253387451,22,279,yolov5s
634,444.21893310546875,412.6510314941406,863.1057739257812,628.0532836914062,0.9333301782608032,22,280,yolov5s
635,442.91656494140625,426.49688720703125,860.6738891601562,642.7327270507812,0.9290083646774292,22,281,yolov5s
636,442.4508056640625,432.6412658691406,865.89892578125,648.7442626953125,0.9337608814239502,22,282,yolov5s
637,446.743896484375,432.2615966796875,876.5513916015625,644.081298828125,0.9384057521820068,22,283,yolov5s
638,444.567626953125,423.69403076171875,881.9111328125,636.7766723632812,0.9357441067695618,22,284,yolov5s
639,446.7684631347656,419.7113037109375,887.664794921875,634.560302734375,0.9358866214752197,22,285,yolov5s
640,458.86895751953125,416.39898681640625,902.4979858398438,627.5945434570312,0.930233359336853,22,286,yolov5s
641,470.8668212890625,399.38238525390625,913.212646484375,624.8316040039062,0.9286691546440125,22,287,yolov5s
642,474.59063720703125,397.1618957519531,904.6049194335938,616.020263671875,0.9268795847892761,22,288,yolov5s
643,481.62567138671875,389.2776794433594,903.4509887695312,610.8401489257812,0.9329429864883423,22,289,yolov5s
644,498.391357421875,386.43896484375,913.7349853515625,599.4986572265625,0.9071585536003113,22,290,yolov5s
